document_id,wellbore_id,document_type,document_name,source,url,file_path,checksum,checksum_algorithm,file_size_bytes,page_count,publication_date,download_date,license,data_origin
20230423-DAILYREPORT07DETAILRPT-230422195013,FORGE16B7832-01,DDR,20230423-DailyReport07DetailRpt_230422195013.pdf,Utah FORGE 16B(78)-32 (DOE GeoDataStore / GDR),https://gdr.openei.org/files/1516/16B%20Daily%20Reports.zip,data/interim/forge16b_78_32/16B Daily Reports/20230423-DailyReport07DetailRpt_230422195013.pdf,8b06e1b4d198c52afeea505539d5f42d563dc077b31550c181f79630e811e8c2,sha256,91777,1,2023-04-23,2026-09-26T16:04:00Z,CC-BY-4.0,PUBLIC_REAL
20230424-DAILYREPORT08DETAILRPT-230424060054,FORGE16B7832-01,DDR,20230424-DailyReport08DetailRpt_230424060054.pdf,Utah FORGE 16B(78)-32 (DOE GeoDataStore / GDR),https://gdr.openei.org/files/1516/16B%20Daily%20Reports.zip,data/interim/forge16b_78_32/16B Daily Reports/20230424-DailyReport08DetailRpt_230424060054.pdf,cd895f4cf92db7e77d87125486ad339513a2f3a61e3fed031ce9539a1ece72ab,sha256,92186,1,2023-04-24,2026-09-26T16:04:00Z,CC-BY-4.0,PUBLIC_REAL
20230425-DAILYREPORT09DETAILRPT-230425045900,FORGE16B7832-01,DDR,20230425-DailyReport09DetailRpt_230425045900.pdf,Utah FORGE 16B(78)-32 (DOE GeoDataStore / GDR),https://gdr.openei.org/files/1516/16B%20Daily%20Reports.zip,data/interim/forge16b_78_32/16B Daily Reports/20230425-DailyReport09DetailRpt_230425045900.pdf,469cbeb2ffa427e2acc493011ec5ba4219e885291c46bb5dfea4cb1e35307b5c,sha256,93491,1,2023-04-25,2026-09-26T16:04:00Z,CC-BY-4.0,PUBLIC_REAL
20230426-DAILYREPORT10DETAILRPT-230426060302,FORGE16B7832-01,DDR,20230426-DailyReport10DetailRpt_230426060302.pdf,Utah FORGE 16B(78)-32 (DOE GeoDataStore / GDR),https://gdr.openei.org/files/1516/16B%20Daily%20Reports.zip,data/interim/forge16b_78_32/16B Daily Reports/20230426-DailyReport10DetailRpt_230426060302.pdf,2d6361e33fb7623184f074fc70b030794b37119f373a87e31573ee4d98f92663,sha256,111788,2,2023-04-26,2026-09-26T16:04:00Z,CC-BY-4.0,PUBLIC_REAL
20230427-DAILYREPORT11DETAILRPT-230427053214,FORGE16B7832-01,DDR,20230427-DailyReport11DetailRpt_230427053214.pdf,Utah FORGE 16B(78)-32 (DOE GeoDataStore / GDR),https://gdr.openei.org/files/1516/16B%20Daily%20Reports.zip,data/interim/forge16b_78_32/16B Daily Reports/20230427-DailyReport11DetailRpt_230427053214.pdf,f5512f9b308035d16e5b212780ba73d5f6b775ea10667822d2156713625e2206,sha256,115496,2,2023-04-27,2026-09-26T16:04:00Z,CC-BY-4.0,PUBLIC_REAL
20230428-DAILYREPORT12DETAILRPT-230428052948,FORGE16B7832-01,DDR,20230428-DailyReport12DetailRpt_230428052948.pdf,Utah FORGE 16B(78)-32 (DOE GeoDataStore / GDR),https://gdr.openei.org/files/1516/16B%20Daily%20Reports.zip,data/interim/forge16b_78_32/16B Daily Reports/20230428-DailyReport12DetailRpt_230428052948.pdf,3f0652da7543d5ab0375db5eced848b67367acdea4de360c0aafb6785e300135,sha256,101509,2,2023-04-28,2026-09-26T16:04:00Z,CC-BY-4.0,PUBLIC_REAL
20230429-DAILYREPORT-13-DETAILRPT-230429055018,FORGE16B7832-01,DDR,20230429-DailyReport 13 DetailRpt_230429055018.pdf,Utah FORGE 16B(78)-32 (DOE GeoDataStore / GDR),https://gdr.openei.org/files/1516/16B%20Daily%20Reports.zip,data/interim/forge16b_78_32/16B Daily Reports/20230429-DailyReport 13 DetailRpt_230429055018.pdf,de7645f2e082d9c8b9ae9db2f4d692fbd9f361347a26483abaa4eac9a38c28f5,sha256,113854,2,2023-04-29,2026-09-26T16:04:00Z,CC-BY-4.0,PUBLIC_REAL
20230430-DAILYREPORT14DETAILRPT-230430060919,FORGE16B7832-01,DDR,20230430-DailyReport14DetailRpt_230430060919.pdf,Utah FORGE 16B(78)-32 (DOE GeoDataStore / GDR),https://gdr.openei.org/files/1516/16B%20Daily%20Reports.zip,data/interim/forge16b_78_32/16B Daily Reports/20230430-DailyReport14DetailRpt_230430060919.pdf,4b2d12492bbca47a21a4530c5d1aee2132fd6917b71837e9ca027b2b001329bd,sha256,116543,2,2023-04-30,2026-09-26T16:04:00Z,CC-BY-4.0,PUBLIC_REAL
20230501-DAILYREPORT15DETAILRPT-230501064742,FORGE16B7832-01,DDR,20230501-DailyReport15DetailRpt_230501064742.pdf,Utah FORGE 16B(78)-32 (DOE GeoDataStore / GDR),https://gdr.openei.org/files/1516/16B%20Daily%20Reports.zip,data/interim/forge16b_78_32/16B Daily Reports/20230501-DailyReport15DetailRpt_230501064742.pdf,e9047637cee16536f55a52813c089cec9b692ae7896e606b60a851037c5fa4bf,sha256,118623,3,2023-05-01,2026-09-26T16:04:00Z,CC-BY-4.0,PUBLIC_REAL
20230502-DAILYREPORT16DETAILRPT-230502065544,FORGE16B7832-01,DDR,20230502-DailyReport16DetailRpt_230502065544.pdf,Utah FORGE 16B(78)-32 (DOE GeoDataStore / GDR),https://gdr.openei.org/files/1516/16B%20Daily%20Reports.zip,data/interim/forge16b_78_32/16B Daily Reports/20230502-DailyReport16DetailRpt_230502065544.pdf,da5fa8ac55d3636935f83d91f117f7df4b9bb0bdbc7b513510f35b0a8a1c677f,sha256,123256,2,2023-05-02,2026-09-26T16:04:00Z,CC-BY-4.0,PUBLIC_REAL
20230503-DAILYREPORT17DETAILRPT-230503103709,FORGE16B7832-01,DDR,20230503-DailyReport17DetailRpt_230503103709.pdf,Utah FORGE 16B(78)-32 (DOE GeoDataStore / GDR),https://gdr.openei.org/files/1516/16B%20Daily%20Reports.zip,data/interim/forge16b_78_32/16B Daily Reports/20230503-DailyReport17DetailRpt_230503103709.pdf,69554dfd7bd8024afb6f1b21bb3b4c48f889c762adf23ff4cacd39e972847d7f,sha256,116366,2,2023-05-03,2026-09-26T16:04:00Z,CC-BY-4.0,PUBLIC_REAL
20230504-DAILYREPORT18DETAILRPT-230504075441,FORGE16B7832-01,DDR,20230504-DailyReport18DetailRpt_230504075441.pdf,Utah FORGE 16B(78)-32 (DOE GeoDataStore / GDR),https://gdr.openei.org/files/1516/16B%20Daily%20Reports.zip,data/interim/forge16b_78_32/16B Daily Reports/20230504-DailyReport18DetailRpt_230504075441.pdf,8830a026620f3f3e3ab34f836da24ec7b467506dccb6bebc90a74216efdf0e88,sha256,102216,2,2023-05-04,2026-09-26T16:04:00Z,CC-BY-4.0,PUBLIC_REAL
20230505-DAILYREPORT19DETAILRPT-230505063805,FORGE16B7832-01,DDR,20230505-DailyReport19DetailRpt_230505063805.pdf,Utah FORGE 16B(78)-32 (DOE GeoDataStore / GDR),https://gdr.openei.org/files/1516/16B%20Daily%20Reports.zip,data/interim/forge16b_78_32/16B Daily Reports/20230505-DailyReport19DetailRpt_230505063805.pdf,4b19ba727c070e3a7735ce3eaa0399eee79cfc358def35b9a641249635466a25,sha256,101628,2,2023-05-05,2026-09-26T16:04:00Z,CC-BY-4.0,PUBLIC_REAL
20230506-DAILYREPORT20DETAILRPT-230506063409,FORGE16B7832-01,DDR,20230506-DailyReport20DetailRpt_230506063409.pdf,Utah FORGE 16B(78)-32 (DOE GeoDataStore / GDR),https://gdr.openei.org/files/1516/16B%20Daily%20Reports.zip,data/interim/forge16b_78_32/16B Daily Reports/20230506-DailyReport20DetailRpt_230506063409.pdf,6236fe9ada70d57fbb9902fc89077e00300be0ef9b095ea1a856a7d7f564fb54,sha256,100511,2,2023-05-06,2026-09-26T16:04:00Z,CC-BY-4.0,PUBLIC_REAL
20230507-DAILYREPORT21DETAILRPT-230507063231,FORGE16B7832-01,DDR,20230507-DailyReport21DetailRpt_230507063231.pdf,Utah FORGE 16B(78)-32 (DOE GeoDataStore / GDR),https://gdr.openei.org/files/1516/16B%20Daily%20Reports.zip,data/interim/forge16b_78_32/16B Daily Reports/20230507-DailyReport21DetailRpt_230507063231.pdf,9d05d9aa4b92b7d6f0f17cdb01e61fa34d48cd862fa4d91933544a6de9bd1586,sha256,101449,2,2023-05-07,2026-09-26T16:04:00Z,CC-BY-4.0,PUBLIC_REAL
20230508-DAILYREPORT22DETAILRPT-230508063413,FORGE16B7832-01,DDR,20230508-DailyReport22DetailRpt_230508063413.pdf,Utah FORGE 16B(78)-32 (DOE GeoDataStore / GDR),https://gdr.openei.org/files/1516/16B%20Daily%20Reports.zip,data/interim/forge16b_78_32/16B Daily Reports/20230508-DailyReport22DetailRpt_230508063413.pdf,b2be2b3675d47777e2f408dbd091d474a49996a7ef82d4d582712c72c2c72f96,sha256,115362,2,2023-05-08,2026-09-26T16:04:00Z,CC-BY-4.0,PUBLIC_REAL
DAILYREPORT-43DETAILRPT-230529060954,FORGE16B7832-01,DDR,DailyReport#43DetailRpt_230529060954.pdf,Utah FORGE 16B(78)-32 (DOE GeoDataStore / GDR),https://gdr.openei.org/files/1516/16B%20Daily%20Reports.zip,data/interim/forge16b_78_32/16B Daily Reports/DailyReport#43DetailRpt_230529060954.pdf,3c393c8e27d93c8cb635105158ecf72e7fa06a3e5037b9113e159c8542b98d86,sha256,118120,2,2023-05-29,2026-09-26T16:04:00Z,CC-BY-4.0,PUBLIC_REAL
DAILYREPORT-70DETAILRPT-230625065833,FORGE16B7832-01,DDR,DailyReport#70DetailRpt_230625065833.pdf,Utah FORGE 16B(78)-32 (DOE GeoDataStore / GDR),https://gdr.openei.org/files/1516/16B%20Daily%20Reports.zip,data/interim/forge16b_78_32/16B Daily Reports/DailyReport#70DetailRpt_230625065833.pdf,80b821e22f738cbaa4d113a978f7bde3e71d82ee8e5f4590406f240169a51e51,sha256,100024,2,2023-06-25,2026-09-26T16:04:00Z,CC-BY-4.0,PUBLIC_REAL
DAILYREPORT-72DETAILRPT-230627054928,FORGE16B7832-01,DDR,DailyReport#72DetailRpt_230627054928.pdf,Utah FORGE 16B(78)-32 (DOE GeoDataStore / GDR),https://gdr.openei.org/files/1516/16B%20Daily%20Reports.zip,data/interim/forge16b_78_32/16B Daily Reports/DailyReport#72DetailRpt_230627054928.pdf,951e977da9b9bcbff45b69175ec396b57eddc960bde8007c13fbb6f67bfb1cc7,sha256,112606,2,2023-06-27,2026-09-26T16:04:00Z,CC-BY-4.0,PUBLIC_REAL
DAILYREPORT-73DETAILRPT-230628060220,FORGE16B7832-01,DDR,DailyReport#73DetailRpt_230628060220.pdf,Utah FORGE 16B(78)-32 (DOE GeoDataStore / GDR),https://gdr.openei.org/files/1516/16B%20Daily%20Reports.zip,data/interim/forge16b_78_32/16B Daily Reports/DailyReport#73DetailRpt_230628060220.pdf,7be4fefa44560c22a7ef2c1fcc1b5fbf11b72beb86b5dd27ac144f0731fdae53,sha256,115605,2,2023-06-28,2026-09-26T16:04:00Z,CC-BY-4.0,PUBLIC_REAL
DAILYREPORT-74DETAILRPT-230629063544,FORGE16B7832-01,DDR,DailyReport#74DetailRpt_230629063544.pdf,Utah FORGE 16B(78)-32 (DOE GeoDataStore / GDR),https://gdr.openei.org/files/1516/16B%20Daily%20Reports.zip,data/interim/forge16b_78_32/16B Daily Reports/DailyReport#74DetailRpt_230629063544.pdf,27c704fbb27d1535d45103413e126b77acc95a79d5dfbe4a070f389803812f54,sha256,103739,2,2023-06-29,2026-09-26T16:04:00Z,CC-BY-4.0,PUBLIC_REAL
DAILYREPORT-75DETAILRPT-230630060337,FORGE16B7832-01,DDR,DailyReport#75DetailRpt_230630060337.pdf,Utah FORGE 16B(78)-32 (DOE GeoDataStore / GDR),https://gdr.openei.org/files/1516/16B%20Daily%20Reports.zip,data/interim/forge16b_78_32/16B Daily Reports/DailyReport#75DetailRpt_230630060337.pdf,198719a8924d2ff68d3536d4df9baf3f4cd18b2f7fbc640ce210764487941ca8,sha256,115881,2,2023-06-30,2026-09-26T16:04:00Z,CC-BY-4.0,PUBLIC_REAL
DAILYREPORT-76DETAILRPT-230701062002,FORGE16B7832-01,DDR,DailyReport#76DetailRpt_230701062002.pdf,Utah FORGE 16B(78)-32 (DOE GeoDataStore / GDR),https://gdr.openei.org/files/1516/16B%20Daily%20Reports.zip,data/interim/forge16b_78_32/16B Daily Reports/DailyReport#76DetailRpt_230701062002.pdf,f5ba2646bdb8c9739caa206196391f772b40de766260f6f87fc16c3e43ff08f3,sha256,104262,2,2023-07-01,2026-09-26T16:04:00Z,CC-BY-4.0,PUBLIC_REAL
DAILYREPORT-77DETAILRPT-230702060222,FORGE16B7832-01,DDR,DailyReport#77DetailRpt_230702060222.pdf,Utah FORGE 16B(78)-32 (DOE GeoDataStore / GDR),https://gdr.openei.org/files/1516/16B%20Daily%20Reports.zip,data/interim/forge16b_78_32/16B Daily Reports/DailyReport#77DetailRpt_230702060222.pdf,198d1d18867c1244c8e89d49ea4d40089564bab5b9a1f49b893abd3376b11ae8,sha256,102092,2,2023-07-02,2026-09-26T16:04:00Z,CC-BY-4.0,PUBLIC_REAL
DAILYREPORT-79DETAILRPT-230704052452,FORGE16B7832-01,DDR,DailyReport#79DetailRpt_230704052452.pdf,Utah FORGE 16B(78)-32 (DOE GeoDataStore / GDR),https://gdr.openei.org/files/1516/16B%20Daily%20Reports.zip,data/interim/forge16b_78_32/16B Daily Reports/DailyReport#79DetailRpt_230704052452.pdf,5a23868ec9fe9c503ede76c0c193b0de288a64d33f66f81cebdcc347f048302e,sha256,117458,2,2023-07-04,2026-09-26T16:04:00Z,CC-BY-4.0,PUBLIC_REAL
DAILYREPORT-80DETAILRPT-230705055834,FORGE16B7832-01,DDR,DailyReport#80DetailRpt_230705055834.pdf,Utah FORGE 16B(78)-32 (DOE GeoDataStore / GDR),https://gdr.openei.org/files/1516/16B%20Daily%20Reports.zip,data/interim/forge16b_78_32/16B Daily Reports/DailyReport#80DetailRpt_230705055834.pdf,612ba5d0669c888ca904356758912fa09e5b014ec9e4f94f689be0b33cf57296,sha256,100845,2,2023-07-05,2026-09-26T16:04:00Z,CC-BY-4.0,PUBLIC_REAL
DAILYREPORT-81DETAILRPT-230706065212,FORGE16B7832-01,DDR,DailyReport#81DetailRpt_230706065212.pdf,Utah FORGE 16B(78)-32 (DOE GeoDataStore / GDR),https://gdr.openei.org/files/1516/16B%20Daily%20Reports.zip,data/interim/forge16b_78_32/16B Daily Reports/DailyReport#81DetailRpt_230706065212.pdf,e9da02cdc4613b7eb31df562b137b6dc09e02ff125ad54ccd0a99c5534fba76e,sha256,105286,2,2023-07-06,2026-09-26T16:04:00Z,CC-BY-4.0,PUBLIC_REAL
DAILYREPORT-82DETAILRPT-230707061126,FORGE16B7832-01,DDR,DailyReport#82DetailRpt_230707061126.pdf,Utah FORGE 16B(78)-32 (DOE GeoDataStore / GDR),https://gdr.openei.org/files/1516/16B%20Daily%20Reports.zip,data/interim/forge16b_78_32/16B Daily Reports/DailyReport#82DetailRpt_230707061126.pdf,20e8010e0c1237e7ccebfa352b558d51ca23e5e7b80f17f54d74c40e8edc7e65,sha256,102935,2,2023-07-07,2026-09-26T16:04:00Z,CC-BY-4.0,PUBLIC_REAL
DAILYREPORT-83DETAILRPT-230708060816,FORGE16B7832-01,DDR,DailyReport#83DetailRpt_230708060816.pdf,Utah FORGE 16B(78)-32 (DOE GeoDataStore / GDR),https://gdr.openei.org/files/1516/16B%20Daily%20Reports.zip,data/interim/forge16b_78_32/16B Daily Reports/DailyReport#83DetailRpt_230708060816.pdf,9ef84714c61598bc54dc8b9d708735b03d2035481bf58a6ccd25a34f193a9110,sha256,103603,2,2023-07-08,2026-09-26T16:04:00Z,CC-BY-4.0,PUBLIC_REAL
DAILYREPORT-85DETAILRPT-230710060755,FORGE16B7832-01,DDR,DailyReport#85DetailRpt_230710060755.pdf,Utah FORGE 16B(78)-32 (DOE GeoDataStore / GDR),https://gdr.openei.org/files/1516/16B%20Daily%20Reports.zip,data/interim/forge16b_78_32/16B Daily Reports/DailyReport#85DetailRpt_230710060755.pdf,e643b95b27be5915480d21b5f7e9a6fcac538343ad4e0dac9332fae309dfb7ed,sha256,115268,2,2023-07-10,2026-09-26T16:04:00Z,CC-BY-4.0,PUBLIC_REAL
DAILYREPORT-86DETAILRPT-230711063150,FORGE16B7832-01,DDR,DailyReport#86DetailRpt_230711063150.pdf,Utah FORGE 16B(78)-32 (DOE GeoDataStore / GDR),https://gdr.openei.org/files/1516/16B%20Daily%20Reports.zip,data/interim/forge16b_78_32/16B Daily Reports/DailyReport#86DetailRpt_230711063150.pdf,d525859e21469b73e4ea8f466cc3b158f95ecacaf62107e32b9e932ec1b6b475,sha256,102379,2,2023-07-11,2026-09-26T16:04:00Z,CC-BY-4.0,PUBLIC_REAL
DAILYREPORT-87DETAILRPT-230712063952,FORGE16B7832-01,DDR,DailyReport#87DetailRpt_230712063952.pdf,Utah FORGE 16B(78)-32 (DOE GeoDataStore / GDR),https://gdr.openei.org/files/1516/16B%20Daily%20Reports.zip,data/interim/forge16b_78_32/16B Daily Reports/DailyReport#87DetailRpt_230712063952.pdf,d40e0b3fc405e302ce5b82816d3f3517e8254a0891c173e7ebcf702c807a84e0,sha256,101539,2,2023-07-12,2026-09-26T16:04:00Z,CC-BY-4.0,PUBLIC_REAL
DAILYREPORT-88DETAILRPT-230713055640,FORGE16B7832-01,DDR,DailyReport#88DetailRpt_230713055640.pdf,Utah FORGE 16B(78)-32 (DOE GeoDataStore / GDR),https://gdr.openei.org/files/1516/16B%20Daily%20Reports.zip,data/interim/forge16b_78_32/16B Daily Reports/DailyReport#88DetailRpt_230713055640.pdf,70a16f34fb69a846bcf735077cb2b65b401b297835406d52904f3e0850b40455,sha256,103355,2,2023-07-13,2026-09-26T16:04:00Z,CC-BY-4.0,PUBLIC_REAL
DAILYREPORT-89DETAILRPT-230714062930,FORGE16B7832-01,DDR,DailyReport#89DetailRpt_230714062930.pdf,Utah FORGE 16B(78)-32 (DOE GeoDataStore / GDR),https://gdr.openei.org/files/1516/16B%20Daily%20Reports.zip,data/interim/forge16b_78_32/16B Daily Reports/DailyReport#89DetailRpt_230714062930.pdf,e005d8d59ef419586f89f91109327904a569ca328f00becced3814be1cceb567,sha256,102245,2,2023-07-14,2026-09-26T16:04:00Z,CC-BY-4.0,PUBLIC_REAL
DAILYREPORT-90DETAILRPT-230715061816,FORGE16B7832-01,DDR,DailyReport#90DetailRpt_230715061816.pdf,Utah FORGE 16B(78)-32 (DOE GeoDataStore / GDR),https://gdr.openei.org/files/1516/16B%20Daily%20Reports.zip,data/interim/forge16b_78_32/16B Daily Reports/DailyReport#90DetailRpt_230715061816.pdf,b109db55b46e284417b0e4c4a162b18972b99051837afe78869608f9c488e921,sha256,101323,2,2023-07-15,2026-09-26T16:04:00Z,CC-BY-4.0,PUBLIC_REAL
DAILYREPORT-91DETAILRPT-230716062037,FORGE16B7832-01,DDR,DailyReport#91DetailRpt_230716062037.pdf,Utah FORGE 16B(78)-32 (DOE GeoDataStore / GDR),https://gdr.openei.org/files/1516/16B%20Daily%20Reports.zip,data/interim/forge16b_78_32/16B Daily Reports/DailyReport#91DetailRpt_230716062037.pdf,88c161570c6f459b175ac01d3ac3c79adea7a9064693431eb31bbef2de0af257,sha256,115185,2,2023-07-16,2026-09-26T16:04:00Z,CC-BY-4.0,PUBLIC_REAL
DAILYREPORT-92DETAILRPT-230717055645,FORGE16B7832-01,DDR,DailyReport#92DetailRpt_230717055645.pdf,Utah FORGE 16B(78)-32 (DOE GeoDataStore / GDR),https://gdr.openei.org/files/1516/16B%20Daily%20Reports.zip,data/interim/forge16b_78_32/16B Daily Reports/DailyReport#92DetailRpt_230717055645.pdf,aafbeb335327420c0e141feeee7e04e446eb99181337aa19aece6eab2ae1b7c2,sha256,117019,2,2023-07-17,2026-09-26T16:04:00Z,CC-BY-4.0,PUBLIC_REAL
DAILYREPORT-93DETAILRPT-230718051919,FORGE16B7832-01,DDR,DailyReport#93DetailRpt_230718051919.pdf,Utah FORGE 16B(78)-32 (DOE GeoDataStore / GDR),https://gdr.openei.org/files/1516/16B%20Daily%20Reports.zip,data/interim/forge16b_78_32/16B Daily Reports/DailyReport#93DetailRpt_230718051919.pdf,e5a313dbfa691cc7985ad8afbb2363de5aafb3aa4994849bace95860155e8e4a,sha256,102459,2,2023-07-18,2026-09-26T16:04:00Z,CC-BY-4.0,PUBLIC_REAL
DAILYREPORT-94DETAILRPT-230719061746,FORGE16B7832-01,DDR,DailyReport#94DetailRpt_230719061746.pdf,Utah FORGE 16B(78)-32 (DOE GeoDataStore / GDR),https://gdr.openei.org/files/1516/16B%20Daily%20Reports.zip,data/interim/forge16b_78_32/16B Daily Reports/DailyReport#94DetailRpt_230719061746.pdf,470def528d0e9e36bf34b87cc0d491996be8540c3b4091738576c9faacfa3a95,sha256,101140,2,2023-07-19,2026-09-26T16:04:00Z,CC-BY-4.0,PUBLIC_REAL
DAILYREPORT-95DETAILRPT-230720063801,FORGE16B7832-01,DDR,DailyReport#95DetailRpt_230720063801.pdf,Utah FORGE 16B(78)-32 (DOE GeoDataStore / GDR),https://gdr.openei.org/files/1516/16B%20Daily%20Reports.zip,data/interim/forge16b_78_32/16B Daily Reports/DailyReport#95DetailRpt_230720063801.pdf,d84bd572f915fa84a42e7887ccbcccad9bc85fbcc6a0e44bc7de908cf1e96094,sha256,102604,2,2023-07-20,2026-09-26T16:04:00Z,CC-BY-4.0,PUBLIC_REAL
DAILYREPORT-96DETAILRPT-230721061944,FORGE16B7832-01,DDR,DailyReport#96DetailRpt_230721061944.pdf,Utah FORGE 16B(78)-32 (DOE GeoDataStore / GDR),https://gdr.openei.org/files/1516/16B%20Daily%20Reports.zip,data/interim/forge16b_78_32/16B Daily Reports/DailyReport#96DetailRpt_230721061944.pdf,9561e173734aa3237d09d47ad5fa708c93df5bd2c58a3a3232e546ba0fdfd252,sha256,112956,2,2023-07-21,2026-09-26T16:04:00Z,CC-BY-4.0,PUBLIC_REAL
DAILYREPORT-97DETAILRPT-230722063232,FORGE16B7832-01,DDR,DailyReport#97DetailRpt_230722063232.pdf,Utah FORGE 16B(78)-32 (DOE GeoDataStore / GDR),https://gdr.openei.org/files/1516/16B%20Daily%20Reports.zip,data/interim/forge16b_78_32/16B Daily Reports/DailyReport#97DetailRpt_230722063232.pdf,13fc57f7a1861c32aadbe563d082447f880c690da558c8b3ea83a5f3ab36649a,sha256,95887,1,2023-07-22,2026-09-26T16:04:00Z,CC-BY-4.0,PUBLIC_REAL
DAILYREPORT23DETAILRPT-230509061452,FORGE16B7832-01,DDR,DailyReport23DetailRpt_230509061452.pdf,Utah FORGE 16B(78)-32 (DOE GeoDataStore / GDR),https://gdr.openei.org/files/1516/16B%20Daily%20Reports.zip,data/interim/forge16b_78_32/16B Daily Reports/DailyReport23DetailRpt_230509061452.pdf,d5ece7cf3d3ba859b99400f3ea2ed55c9519c43e09c27eda67688c42faae6d08,sha256,116457,2,2023-05-09,2026-09-26T16:04:00Z,CC-BY-4.0,PUBLIC_REAL
DAILYREPORT25DETAILRPT-230511062556,FORGE16B7832-01,DDR,DailyReport25DetailRpt_230511062556.pdf,Utah FORGE 16B(78)-32 (DOE GeoDataStore / GDR),https://gdr.openei.org/files/1516/16B%20Daily%20Reports.zip,data/interim/forge16b_78_32/16B Daily Reports/DailyReport25DetailRpt_230511062556.pdf,b3e0a8532e7b73dd4ac4b5ef11143cd8ad54049babc13d0960a256253724194f,sha256,115931,2,2023-05-11,2026-09-26T16:04:00Z,CC-BY-4.0,PUBLIC_REAL
DAILYREPORT26DETAILRPT-230512063715,FORGE16B7832-01,DDR,DailyReport26DetailRpt_230512063715.pdf,Utah FORGE 16B(78)-32 (DOE GeoDataStore / GDR),https://gdr.openei.org/files/1516/16B%20Daily%20Reports.zip,data/interim/forge16b_78_32/16B Daily Reports/DailyReport26DetailRpt_230512063715.pdf,1b1f7af6ccca36b44f77407f50edd59c9cd38f3ee215af8d87194d9172c2c6ab,sha256,117211,2,2023-05-12,2026-09-26T16:04:00Z,CC-BY-4.0,PUBLIC_REAL
DAILYREPORT27DETAILRPT-230513061903,FORGE16B7832-01,DDR,DailyReport27DetailRpt_230513061903.pdf,Utah FORGE 16B(78)-32 (DOE GeoDataStore / GDR),https://gdr.openei.org/files/1516/16B%20Daily%20Reports.zip,data/interim/forge16b_78_32/16B Daily Reports/DailyReport27DetailRpt_230513061903.pdf,3b036d7b1c7fee00abb96fb4d9f6cbef9034e83a6fb578457fcffdeb43e2eda4,sha256,120392,2,2023-05-13,2026-09-26T16:04:00Z,CC-BY-4.0,PUBLIC_REAL
DAILYREPORT30DETAILRPT-230516080552,FORGE16B7832-01,DDR,DailyReport30DetailRpt_230516080552.pdf,Utah FORGE 16B(78)-32 (DOE GeoDataStore / GDR),https://gdr.openei.org/files/1516/16B%20Daily%20Reports.zip,data/interim/forge16b_78_32/16B Daily Reports/DailyReport30DetailRpt_230516080552.pdf,3b971a3e8f4f8302dac8f51865a65b8d0224a7201174411d40fe0d77b46e5e12,sha256,116378,2,2023-05-16,2026-09-26T16:04:00Z,CC-BY-4.0,PUBLIC_REAL
DAILYREPORT31DETAILRPT-230517063926,FORGE16B7832-01,DDR,DailyReport31DetailRpt_230517063926.pdf,Utah FORGE 16B(78)-32 (DOE GeoDataStore / GDR),https://gdr.openei.org/files/1516/16B%20Daily%20Reports.zip,data/interim/forge16b_78_32/16B Daily Reports/DailyReport31DetailRpt_230517063926.pdf,15f54d203909206d1bc04f2970fe74829c7807a6285483a60a8f0e15bdca28f6,sha256,118889,3,2023-05-17,2026-09-26T16:04:00Z,CC-BY-4.0,PUBLIC_REAL
DAILYREPORT40DETAILRPT-230526094342,FORGE16B7832-01,DDR,DailyReport40DetailRpt_230526094342.pdf,Utah FORGE 16B(78)-32 (DOE GeoDataStore / GDR),https://gdr.openei.org/files/1516/16B%20Daily%20Reports.zip,data/interim/forge16b_78_32/16B Daily Reports/DailyReport40DetailRpt_230526094342.pdf,62ac7da4ce3760988f7748e20a6c3edbbf6f910562d262b832e42acd074c6a40,sha256,118642,2,2023-05-26,2026-09-26T16:04:00Z,CC-BY-4.0,PUBLIC_REAL
DAILYREPORT44DETAILRPT-230530055905,FORGE16B7832-01,DDR,DailyReport44DetailRpt_230530055905.pdf,Utah FORGE 16B(78)-32 (DOE GeoDataStore / GDR),https://gdr.openei.org/files/1516/16B%20Daily%20Reports.zip,data/interim/forge16b_78_32/16B Daily Reports/DailyReport44DetailRpt_230530055905.pdf,b8558d0d5366b8d17f61874c193b5b6b9b489e01562c67797b020577c70279e8,sha256,116207,2,2023-05-30,2026-09-26T16:04:00Z,CC-BY-4.0,PUBLIC_REAL
DAILYREPORT46DETAILRPT-230601111529,FORGE16B7832-01,DDR,DailyReport46DetailRpt_230601111529.pdf,Utah FORGE 16B(78)-32 (DOE GeoDataStore / GDR),https://gdr.openei.org/files/1516/16B%20Daily%20Reports.zip,data/interim/forge16b_78_32/16B Daily Reports/DailyReport46DetailRpt_230601111529.pdf,fba604a7c14ea219b39cff1cca230db17762647063edd123b3f8d471d79f61f5,sha256,118627,2,2023-06-01,2026-09-26T16:04:00Z,CC-BY-4.0,PUBLIC_REAL
DAILYREPORT47DETAILRPT-230602080800,FORGE16B7832-01,DDR,DailyReport47DetailRpt_230602080800.pdf,Utah FORGE 16B(78)-32 (DOE GeoDataStore / GDR),https://gdr.openei.org/files/1516/16B%20Daily%20Reports.zip,data/interim/forge16b_78_32/16B Daily Reports/DailyReport47DetailRpt_230602080800.pdf,de1edb6a3ec8b3f1beacada8e6157bb1127110a8f8c7763e8a8cbcb085797330,sha256,115112,2,2023-06-02,2026-09-26T16:04:00Z,CC-BY-4.0,PUBLIC_REAL
DAILYREPORT48DETAILRPT-230603062858,FORGE16B7832-01,DDR,DailyReport48DetailRpt_230603062858.pdf,Utah FORGE 16B(78)-32 (DOE GeoDataStore / GDR),https://gdr.openei.org/files/1516/16B%20Daily%20Reports.zip,data/interim/forge16b_78_32/16B Daily Reports/DailyReport48DetailRpt_230603062858.pdf,00598bc2e704042aadecdb06ee62eb757ed32d116c40bf1c63e229e4e68b82f3,sha256,118548,2,2023-06-03,2026-09-26T16:04:00Z,CC-BY-4.0,PUBLIC_REAL
DAILYREPORT49DETAILRPT-230604061931,FORGE16B7832-01,DDR,DailyReport49DetailRpt_230604061931.pdf,Utah FORGE 16B(78)-32 (DOE GeoDataStore / GDR),https://gdr.openei.org/files/1516/16B%20Daily%20Reports.zip,data/interim/forge16b_78_32/16B Daily Reports/DailyReport49DetailRpt_230604061931.pdf,71111ee5a196960dfc1a276b0d3460e4ee0f3a58fe62e1cb62946a587df46c51,sha256,124161,3,2023-06-04,2026-09-26T16:04:00Z,CC-BY-4.0,PUBLIC_REAL
DAILYREPORT50DETAILRPT-230605061902,FORGE16B7832-01,DDR,DailyReport50DetailRpt_230605061902.pdf,Utah FORGE 16B(78)-32 (DOE GeoDataStore / GDR),https://gdr.openei.org/files/1516/16B%20Daily%20Reports.zip,data/interim/forge16b_78_32/16B Daily Reports/DailyReport50DetailRpt_230605061902.pdf,dd39536b12b96348d3055fe48a0a879001b51ce270d380ad9fa91adf66015c11,sha256,119126,2,2023-06-05,2026-09-26T16:04:00Z,CC-BY-4.0,PUBLIC_REAL
DAILYREPORT51DETAILRPT-230606063940,FORGE16B7832-01,DDR,DailyReport51DetailRpt_230606063940.pdf,Utah FORGE 16B(78)-32 (DOE GeoDataStore / GDR),https://gdr.openei.org/files/1516/16B%20Daily%20Reports.zip,data/interim/forge16b_78_32/16B Daily Reports/DailyReport51DetailRpt_230606063940.pdf,8240373c562855653e337595fc558a7a7171af4f7002187a509fa4eab7f004fe,sha256,117506,2,2023-06-06,2026-09-26T16:04:00Z,CC-BY-4.0,PUBLIC_REAL
DAILYREPORT52DETAILRPT-230607061827,FORGE16B7832-01,DDR,DailyReport52DetailRpt_230607061827.pdf,Utah FORGE 16B(78)-32 (DOE GeoDataStore / GDR),https://gdr.openei.org/files/1516/16B%20Daily%20Reports.zip,data/interim/forge16b_78_32/16B Daily Reports/DailyReport52DetailRpt_230607061827.pdf,d77ec5e721821bee319da24024f2d04f916c2cf73a2a68a508df28f9351ce3e5,sha256,119155,2,2023-06-07,2026-09-26T16:04:00Z,CC-BY-4.0,PUBLIC_REAL
DAILYREPORT53DETAILRPT-230608060749,FORGE16B7832-01,DDR,DailyReport53DetailRpt_230608060749.pdf,Utah FORGE 16B(78)-32 (DOE GeoDataStore / GDR),https://gdr.openei.org/files/1516/16B%20Daily%20Reports.zip,data/interim/forge16b_78_32/16B Daily Reports/DailyReport53DetailRpt_230608060749.pdf,44888c63a75539d2107a8e6c9835098b656b6bbebad2a538e69a3d0e5eb69205,sha256,118153,2,2023-06-08,2026-09-26T16:04:00Z,CC-BY-4.0,PUBLIC_REAL
DAILYREPORT54DETAILRPT-230609062442,FORGE16B7832-01,DDR,DailyReport54DetailRpt_230609062442.pdf,Utah FORGE 16B(78)-32 (DOE GeoDataStore / GDR),https://gdr.openei.org/files/1516/16B%20Daily%20Reports.zip,data/interim/forge16b_78_32/16B Daily Reports/DailyReport54DetailRpt_230609062442.pdf,1151f7e5d9f7145087aa0affb9b025fd893e22e6816d37f609ef74e7ddfed5fd,sha256,116984,2,2023-06-09,2026-09-26T16:04:00Z,CC-BY-4.0,PUBLIC_REAL
DAILYREPORT55DETAILRPT-230610061813,FORGE16B7832-01,DDR,DailyReport55DetailRpt_230610061813.pdf,Utah FORGE 16B(78)-32 (DOE GeoDataStore / GDR),https://gdr.openei.org/files/1516/16B%20Daily%20Reports.zip,data/interim/forge16b_78_32/16B Daily Reports/DailyReport55DetailRpt_230610061813.pdf,a394ac07db7046b0f77dfefa0a8a0db6779b85dc70156c7782377649c5efab5b,sha256,114353,2,2023-06-10,2026-09-26T16:04:00Z,CC-BY-4.0,PUBLIC_REAL
DAILYREPORT56DETAILRPT-230611061358,FORGE16B7832-01,DDR,DailyReport56DetailRpt_230611061358.pdf,Utah FORGE 16B(78)-32 (DOE GeoDataStore / GDR),https://gdr.openei.org/files/1516/16B%20Daily%20Reports.zip,data/interim/forge16b_78_32/16B Daily Reports/DailyReport56DetailRpt_230611061358.pdf,7dad4e7b550e9b9e9347920852d41ee023bbdcaaaaa00da1196133a202f0392b,sha256,115828,2,2023-06-11,2026-09-26T16:04:00Z,CC-BY-4.0,PUBLIC_REAL
DAILYREPORT57DETAILRPT-230612062828,FORGE16B7832-01,DDR,DailyReport57DetailRpt_230612062828.pdf,Utah FORGE 16B(78)-32 (DOE GeoDataStore / GDR),https://gdr.openei.org/files/1516/16B%20Daily%20Reports.zip,data/interim/forge16b_78_32/16B Daily Reports/DailyReport57DetailRpt_230612062828.pdf,669e730f72f816c0625fdb57bc72366d3fe4589443d1c84e0f2691db1076e0e6,sha256,120960,3,2023-06-12,2026-09-26T16:04:00Z,CC-BY-4.0,PUBLIC_REAL
DAILYREPORT58DETAILRPT-230613061359,FORGE16B7832-01,DDR,DailyReport58DetailRpt_230613061359.pdf,Utah FORGE 16B(78)-32 (DOE GeoDataStore / GDR),https://gdr.openei.org/files/1516/16B%20Daily%20Reports.zip,data/interim/forge16b_78_32/16B Daily Reports/DailyReport58DetailRpt_230613061359.pdf,acd5af9809099905d8fbcf6f7511aba6a39a29e7e7002f42f3990ea7be986820,sha256,115999,2,2023-06-13,2026-09-26T16:04:00Z,CC-BY-4.0,PUBLIC_REAL
DAILYREPORT59DETAILRPT-230614061516,FORGE16B7832-01,DDR,DailyReport59DetailRpt_230614061516.pdf,Utah FORGE 16B(78)-32 (DOE GeoDataStore / GDR),https://gdr.openei.org/files/1516/16B%20Daily%20Reports.zip,data/interim/forge16b_78_32/16B Daily Reports/DailyReport59DetailRpt_230614061516.pdf,236a92c45d74dcf7a9245a9903278083ac9d166fd251c6ca845cd1fcfbe1d1c1,sha256,119793,2,2023-06-14,2026-09-26T16:04:00Z,CC-BY-4.0,PUBLIC_REAL
DAILYREPORT71DETAILRPT-230626051434,FORGE16B7832-01,DDR,DailyReport71DetailRpt_230626051434.pdf,Utah FORGE 16B(78)-32 (DOE GeoDataStore / GDR),https://gdr.openei.org/files/1516/16B%20Daily%20Reports.zip,data/interim/forge16b_78_32/16B Daily Reports/DailyReport71DetailRpt_230626051434.pdf,e02796a866a65b3bb57195039dd6e23118bf2384bd754383001df066ac91edb4,sha256,100684,2,2023-06-26,2026-09-26T16:04:00Z,CC-BY-4.0,PUBLIC_REAL
DAILYREPORT78DETAILRPT-230703060819,FORGE16B7832-01,DDR,DailyReport78DetailRpt_230703060819.pdf,Utah FORGE 16B(78)-32 (DOE GeoDataStore / GDR),https://gdr.openei.org/files/1516/16B%20Daily%20Reports.zip,data/interim/forge16b_78_32/16B Daily Reports/DailyReport78DetailRpt_230703060819.pdf,0b70fc3a86247f4ffb5ddfede50fab78c9df989a6827b32bdbb57bc2eb9d7a26,sha256,113544,2,2023-07-03,2026-09-26T16:04:00Z,CC-BY-4.0,PUBLIC_REAL
DAILYREPORTDETAILRPT-33-230519050545,FORGE16B7832-01,DDR,DailyReportDetailRpt # 33 _230519050545.pdf,Utah FORGE 16B(78)-32 (DOE GeoDataStore / GDR),https://gdr.openei.org/files/1516/16B%20Daily%20Reports.zip,data/interim/forge16b_78_32/16B Daily Reports/DailyReportDetailRpt # 33 _230519050545.pdf,38273768221fc572b7c9093600dbc1a5e1e568a56762beb8b5c250e0dea5048c,sha256,115589,2,2023-05-19,2026-09-26T16:04:00Z,CC-BY-4.0,PUBLIC_REAL
DAILYREPORTDETAILRPT-34-230520052957,FORGE16B7832-01,DDR,DailyReportDetailRpt # 34_230520052957.pdf,Utah FORGE 16B(78)-32 (DOE GeoDataStore / GDR),https://gdr.openei.org/files/1516/16B%20Daily%20Reports.zip,data/interim/forge16b_78_32/16B Daily Reports/DailyReportDetailRpt # 34_230520052957.pdf,fa53b7f256dce0774eaa43cdca793d98130fc639b05c264a3237de1953bde946,sha256,116681,2,2023-05-20,2026-09-26T16:04:00Z,CC-BY-4.0,PUBLIC_REAL
DAILYREPORTDETAILRPT-35-230521052958,FORGE16B7832-01,DDR,DailyReportDetailRpt # 35 _230521052958.pdf,Utah FORGE 16B(78)-32 (DOE GeoDataStore / GDR),https://gdr.openei.org/files/1516/16B%20Daily%20Reports.zip,data/interim/forge16b_78_32/16B Daily Reports/DailyReportDetailRpt # 35 _230521052958.pdf,bfacaa2c70b803ec5dc2ee06e9a0fe7f62575a3c2b9fb9b9f030f124999dfa7f,sha256,118800,2,2023-05-21,2026-09-26T16:04:00Z,CC-BY-4.0,PUBLIC_REAL
DAILYREPORTDETAILRPT-36-230518060545,FORGE16B7832-01,DDR,DailyReportDetailRpt # 36 230518060545.pdf,Utah FORGE 16B(78)-32 (DOE GeoDataStore / GDR),https://gdr.openei.org/files/1516/16B%20Daily%20Reports.zip,data/interim/forge16b_78_32/16B Daily Reports/DailyReportDetailRpt # 36 230518060545.pdf,55be386810b6c49b18c5ad693a264c5ea237d51b0ac67c8f3a84b585f798679f,sha256,119306,3,2023-05-18,2026-09-26T16:04:00Z,CC-BY-4.0,PUBLIC_REAL
DAILYREPORTDETAILRPT-36-230522054046,FORGE16B7832-01,DDR,DailyReportDetailRpt # 36 _230522054046.pdf,Utah FORGE 16B(78)-32 (DOE GeoDataStore / GDR),https://gdr.openei.org/files/1516/16B%20Daily%20Reports.zip,data/interim/forge16b_78_32/16B Daily Reports/DailyReportDetailRpt # 36 _230522054046.pdf,638f8bf3d54c2a776f22c21f23707096a355693f436212134662f0ec7f1b4558,sha256,115742,2,2023-05-22,2026-09-26T16:04:00Z,CC-BY-4.0,PUBLIC_REAL
DAILYREPORTDETAILRPT-37-230523052741,FORGE16B7832-01,DDR,DailyReportDetailRpt # 37 _230523052741.pdf,Utah FORGE 16B(78)-32 (DOE GeoDataStore / GDR),https://gdr.openei.org/files/1516/16B%20Daily%20Reports.zip,data/interim/forge16b_78_32/16B Daily Reports/DailyReportDetailRpt # 37 _230523052741.pdf,211a85807d9ea608d25925c578f790d3c1057226a82982ec22277530236cb8d4,sha256,119217,3,2023-05-23,2026-09-26T16:04:00Z,CC-BY-4.0,PUBLIC_REAL
DAILYREPORTDETAILRPT-38-230524053033,FORGE16B7832-01,DDR,DailyReportDetailRpt # 38 _230524053033.pdf,Utah FORGE 16B(78)-32 (DOE GeoDataStore / GDR),https://gdr.openei.org/files/1516/16B%20Daily%20Reports.zip,data/interim/forge16b_78_32/16B Daily Reports/DailyReportDetailRpt # 38 _230524053033.pdf,a95fb0568e89102be6724d19537641010d338ae57caf06d48fb514cad0c0e918,sha256,118045,2,2023-05-24,2026-09-26T16:04:00Z,CC-BY-4.0,PUBLIC_REAL
DAILYREPORTDETAILRPT-42-230528042704,FORGE16B7832-01,DDR,DailyReportDetailRpt # 42 _230528042704.pdf,Utah FORGE 16B(78)-32 (DOE GeoDataStore / GDR),https://gdr.openei.org/files/1516/16B%20Daily%20Reports.zip,data/interim/forge16b_78_32/16B Daily Reports/DailyReportDetailRpt # 42 _230528042704.pdf,137e02d8f9317a3484db7d60446bb21b92ef5cbe6a5cf072d5d9cbdb96c5a54e,sha256,118366,2,2023-05-28,2026-09-26T16:04:00Z,CC-BY-4.0,PUBLIC_REAL
DAILYREPORTDETAILRPT-62-230617045223,FORGE16B7832-01,DDR,DailyReportDetailRpt # 62_230617045223.pdf,Utah FORGE 16B(78)-32 (DOE GeoDataStore / GDR),https://gdr.openei.org/files/1516/16B%20Daily%20Reports.zip,data/interim/forge16b_78_32/16B Daily Reports/DailyReportDetailRpt # 62_230617045223.pdf,a8daed7b8cb69cf2fe9da60270389e11648edff3da668dfe8bc08bdb89d91418,sha256,118475,2,2023-06-17,2026-09-26T16:04:00Z,CC-BY-4.0,PUBLIC_REAL
DAILYREPORTDETAILRPT-63-230618054755,FORGE16B7832-01,DDR,DailyReportDetailRpt # 63 _230618054755.pdf,Utah FORGE 16B(78)-32 (DOE GeoDataStore / GDR),https://gdr.openei.org/files/1516/16B%20Daily%20Reports.zip,data/interim/forge16b_78_32/16B Daily Reports/DailyReportDetailRpt # 63 _230618054755.pdf,d558b9423776b1e330cd12d978a56ea2201c7f3cd5911f17057d1135ee58c3c1,sha256,120281,2,2023-06-18,2026-09-26T16:04:00Z,CC-BY-4.0,PUBLIC_REAL
DAILYREPORTDETAILRPT-65-230620054749,FORGE16B7832-01,DDR,DailyReportDetailRpt # 65 230620054749.pdf,Utah FORGE 16B(78)-32 (DOE GeoDataStore / GDR),https://gdr.openei.org/files/1516/16B%20Daily%20Reports.zip,data/interim/forge16b_78_32/16B Daily Reports/DailyReportDetailRpt # 65 230620054749.pdf,a8f20686137a912de729884f26408ce408c974fc31b0066031c00200db787eeb,sha256,102719,2,2023-06-20,2026-09-26T16:04:00Z,CC-BY-4.0,PUBLIC_REAL
DAILYREPORTDETAILRPT-68-230623051445,FORGE16B7832-01,DDR,DailyReportDetailRpt # 68 230623051445.pdf,Utah FORGE 16B(78)-32 (DOE GeoDataStore / GDR),https://gdr.openei.org/files/1516/16B%20Daily%20Reports.zip,data/interim/forge16b_78_32/16B Daily Reports/DailyReportDetailRpt # 68 230623051445.pdf,fac106ee41965a022ece466b6cd86e14c1a2186b369f55ffedc339f9ad54fdc9,sha256,101847,2,2023-06-23,2026-09-26T16:04:00Z,CC-BY-4.0,PUBLIC_REAL
DAILYREPORTDETAILRPT-41-230527052454,FORGE16B7832-01,DDR,DailyReportDetailRpt #41_230527052454.pdf,Utah FORGE 16B(78)-32 (DOE GeoDataStore / GDR),https://gdr.openei.org/files/1516/16B%20Daily%20Reports.zip,data/interim/forge16b_78_32/16B Daily Reports/DailyReportDetailRpt #41_230527052454.pdf,ea6092704dbc72cc49d9b01db8a19e3b95c848b7f2338d0cc88608048b110a66,sha256,119952,3,2023-05-27,2026-09-26T16:04:00Z,CC-BY-4.0,PUBLIC_REAL
DAILYREPORTDETAILRPT-60-230615051233,FORGE16B7832-01,DDR,DailyReportDetailRpt #60 _230615051233.pdf,Utah FORGE 16B(78)-32 (DOE GeoDataStore / GDR),https://gdr.openei.org/files/1516/16B%20Daily%20Reports.zip,data/interim/forge16b_78_32/16B Daily Reports/DailyReportDetailRpt #60 _230615051233.pdf,613c325d2e5c3e964774cf369bbea38c0ea447204a120546cfa52801e169d648,sha256,119367,2,2023-06-15,2026-09-26T16:04:00Z,CC-BY-4.0,PUBLIC_REAL
DAILYREPORTDETAILRPT-66-230621051152,FORGE16B7832-01,DDR,DailyReportDetailRpt #66 230621051152.pdf,Utah FORGE 16B(78)-32 (DOE GeoDataStore / GDR),https://gdr.openei.org/files/1516/16B%20Daily%20Reports.zip,data/interim/forge16b_78_32/16B Daily Reports/DailyReportDetailRpt #66 230621051152.pdf,733412ea0451e096e4742f8d3e6329bc5869962e11cf154523ccdf26c7c4c45c,sha256,102814,2,2023-06-21,2026-09-26T16:04:00Z,CC-BY-4.0,PUBLIC_REAL
DAILYREPORTDETAILRPT-67-230622050108,FORGE16B7832-01,DDR,DailyReportDetailRpt #67 230622050108.pdf,Utah FORGE 16B(78)-32 (DOE GeoDataStore / GDR),https://gdr.openei.org/files/1516/16B%20Daily%20Reports.zip,data/interim/forge16b_78_32/16B Daily Reports/DailyReportDetailRpt #67 230622050108.pdf,6750d0b01aac94f71e7950983b9333c58daeff45b898d62ae8d1adb7e91ced52,sha256,104086,2,2023-06-22,2026-09-26T16:04:00Z,CC-BY-4.0,PUBLIC_REAL
DAILYREPORTDETAILRPT-61-230616060124,FORGE16B7832-01,DDR,DailyReportDetailRpt 61 _230616060124.pdf,Utah FORGE 16B(78)-32 (DOE GeoDataStore / GDR),https://gdr.openei.org/files/1516/16B%20Daily%20Reports.zip,data/interim/forge16b_78_32/16B Daily Reports/DailyReportDetailRpt 61 _230616060124.pdf,3f8dbbf29d25fc1a7699862208e224413eac6f594c568a6b724172cd76052518,sha256,116077,2,2023-06-16,2026-09-26T16:04:00Z,CC-BY-4.0,PUBLIC_REAL
DAILYREPORTDETAILRPT-69-230624052343,FORGE16B7832-01,DDR,DailyReportDetailRpt#69 _230624052343.pdf,Utah FORGE 16B(78)-32 (DOE GeoDataStore / GDR),https://gdr.openei.org/files/1516/16B%20Daily%20Reports.zip,data/interim/forge16b_78_32/16B Daily Reports/DailyReportDetailRpt#69 _230624052343.pdf,0e834ba56a8e1fa7e00c08aaef5c06ffcac80fd13d75fa1775b3a82e82ce1e22,sha256,103611,2,2023-06-24,2026-09-26T16:04:00Z,CC-BY-4.0,PUBLIC_REAL
DAILYREPORTDETAILRPT-64-230619051738,FORGE16B7832-01,DDR,DailyReportDetailRpt_ #64 230619051738.pdf,Utah FORGE 16B(78)-32 (DOE GeoDataStore / GDR),https://gdr.openei.org/files/1516/16B%20Daily%20Reports.zip,data/interim/forge16b_78_32/16B Daily Reports/DailyReportDetailRpt_ #64 230619051738.pdf,8032ec0183ba4a25249b1104c54b65d02eab99c4be59052f8d902daf6342b819,sha256,103710,2,2023-06-19,2026-09-26T16:04:00Z,CC-BY-4.0,PUBLIC_REAL
DAILYREPORTDETAILRPT-39-230525052909,FORGE16B7832-01,DDR,DailyReportDetailRpt_#39 230525052909.pdf,Utah FORGE 16B(78)-32 (DOE GeoDataStore / GDR),https://gdr.openei.org/files/1516/16B%20Daily%20Reports.zip,data/interim/forge16b_78_32/16B Daily Reports/DailyReportDetailRpt_#39 230525052909.pdf,1bdca2379a4a90ef73605188373b17fb384655113d630e2a65623538e59ad627,sha256,116083,2,2023-05-25,2026-09-26T16:04:00Z,CC-BY-4.0,PUBLIC_REAL
DAILYREPORTDETAILRPT-230709064148,FORGE16B7832-01,DDR,DailyReportDetailRpt_230709064148.pdf,Utah FORGE 16B(78)-32 (DOE GeoDataStore / GDR),https://gdr.openei.org/files/1516/16B%20Daily%20Reports.zip,data/interim/forge16b_78_32/16B Daily Reports/DailyReportDetailRpt_230709064148.pdf,f40313995811cfd51c81b225bdfb8b58119957f9da25249a8f00097e2c33ed03,sha256,116569,2,2023-07-09,2026-09-26T16:04:00Z,CC-BY-4.0,PUBLIC_REAL
PRE-SPUD-2023417-22-REPORTS01-06-WELL16B,FORGE16B7832-01,DDR,Pre-spud-2023417-22-Reports01-06_well16B.pdf,Utah FORGE 16B(78)-32 (DOE GeoDataStore / GDR),https://gdr.openei.org/files/1516/16B%20Daily%20Reports.zip,data/interim/forge16b_78_32/16B Daily Reports/Pre-spud-2023417-22-Reports01-06_well16B.pdf,1e035d5f903133a4d1fbb77efa687eb8049af91cbc91fac90503e66a4b0b0898,sha256,122833,6,2023-04-17,2026-09-26T16:04:00Z,CC-BY-4.0,PUBLIC_REAL
UTAH-FORGE-FRONTIER-16-16B-78-32-DAILY-AFTERNOON-REPORT-,FORGE16B7832-01,DDR,Utah Forge_Frontier 16_ 16B(78)- 32 DAILY AFTERNOON REPORT_5-15-23.pdf,Utah FORGE 16B(78)-32 (DOE GeoDataStore / GDR),https://gdr.openei.org/files/1516/16B%20Daily%20Reports.zip,data/interim/forge16b_78_32/16B Daily Reports/Utah Forge_Frontier 16_ 16B(78)- 32 DAILY AFTERNOON REPORT_5-15-23.pdf,3e0321e064943b3a5edbe93331931bbe085178a0a2dbf9c27c19331a09a7f5ce,sha256,63028,1,,2026-09-26T16:04:00Z,CC-BY-4.0,PUBLIC_REAL
UTAH-FORGE-FRONTIER-16-16B-78-32-DAILY-AFTERNOON-REPORT--f4aa4d,FORGE16B7832-01,DDR,Utah Forge_Frontier 16_ 16B(78)- 32 DAILY AFTERNOON REPORT_5-16-23.pdf,Utah FORGE 16B(78)-32 (DOE GeoDataStore / GDR),https://gdr.openei.org/files/1516/16B%20Daily%20Reports.zip,data/interim/forge16b_78_32/16B Daily Reports/Utah Forge_Frontier 16_ 16B(78)- 32 DAILY AFTERNOON REPORT_5-16-23.pdf,1c9bf66d9899f2935b84ea55bdfe261531e08cf9856ca79bcd67c10aeb963ac5,sha256,65495,1,,2026-09-26T16:04:00Z,CC-BY-4.0,PUBLIC_REAL
UTAH-FORGE-FRONTIER-16-16B-78-32-DAILY-AFTERNOON-REPORT--226184,FORGE16B7832-01,DDR,Utah Forge_Frontier 16_ 16B(78)- 32 DAILY AFTERNOON REPORT_5-17-23.pdf,Utah FORGE 16B(78)-32 (DOE GeoDataStore / GDR),https://gdr.openei.org/files/1516/16B%20Daily%20Reports.zip,data/interim/forge16b_78_32/16B Daily Reports/Utah Forge_Frontier 16_ 16B(78)- 32 DAILY AFTERNOON REPORT_5-17-23.pdf,c7a59b97867e45800eb365c56779fc88ceb81f994067f54215e66f39fb69161b,sha256,65775,1,,2026-09-26T16:04:00Z,CC-BY-4.0,PUBLIC_REAL
UTAH-FORGE-FRONTIER-16-16B-78-32-DAILY-AFTERNOON-REPORT--ec29d6,FORGE16B7832-01,DDR,Utah Forge_Frontier 16_ 16B(78)- 32 DAILY AFTERNOON REPORT_5-18-23.pdf,Utah FORGE 16B(78)-32 (DOE GeoDataStore / GDR),https://gdr.openei.org/files/1516/16B%20Daily%20Reports.zip,data/interim/forge16b_78_32/16B Daily Reports/Utah Forge_Frontier 16_ 16B(78)- 32 DAILY AFTERNOON REPORT_5-18-23.pdf,dda5aa21e7fbfe3297548a3ef436912a12047277ab8ac617f77f8f67ce52e758,sha256,64067,1,,2026-09-26T16:04:00Z,CC-BY-4.0,PUBLIC_REAL
UTAH-FORGE-FRONTIER-16-16B-78-32-DAILY-AFTERNOON-REPORT--adb0f6,FORGE16B7832-01,DDR,Utah Forge_Frontier 16_ 16B(78)- 32 DAILY AFTERNOON REPORT_5-19-23.pdf,Utah FORGE 16B(78)-32 (DOE GeoDataStore / GDR),https://gdr.openei.org/files/1516/16B%20Daily%20Reports.zip,data/interim/forge16b_78_32/16B Daily Reports/Utah Forge_Frontier 16_ 16B(78)- 32 DAILY AFTERNOON REPORT_5-19-23.pdf,833e5a536f595a4cf7aee684d89999d6cf82b0c4ca40f0c12af1be17a4829f78,sha256,63621,1,,2026-09-26T16:04:00Z,CC-BY-4.0,PUBLIC_REAL
UTAH-FORGE-FRONTIER-16-16B-78-32-DAILY-AFTERNOON-REPORT--65e67f,FORGE16B7832-01,DDR,Utah Forge_Frontier 16_ 16B(78)- 32 DAILY AFTERNOON REPORT_5-20-23.pdf,Utah FORGE 16B(78)-32 (DOE GeoDataStore / GDR),https://gdr.openei.org/files/1516/16B%20Daily%20Reports.zip,data/interim/forge16b_78_32/16B Daily Reports/Utah Forge_Frontier 16_ 16B(78)- 32 DAILY AFTERNOON REPORT_5-20-23.pdf,1cc2bcb66a03ae2aabc501d17857381dac26cab16568513e83a6a0753e7b0ecb,sha256,63774,1,,2026-09-26T16:04:00Z,CC-BY-4.0,PUBLIC_REAL
UTAH-FORGE-FRONTIER-16-16B-78-32-DAILY-AFTERNOON-REPORT--100487,FORGE16B7832-01,DDR,Utah Forge_Frontier 16_ 16B(78)- 32 DAILY AFTERNOON REPORT_5-21-23.pdf,Utah FORGE 16B(78)-32 (DOE GeoDataStore / GDR),https://gdr.openei.org/files/1516/16B%20Daily%20Reports.zip,data/interim/forge16b_78_32/16B Daily Reports/Utah Forge_Frontier 16_ 16B(78)- 32 DAILY AFTERNOON REPORT_5-21-23.pdf,ec7b7e23e573e7ffcd1b187ce3753814530fb5c72e685a6e24a063587e89cea2,sha256,64246,1,,2026-09-26T16:04:00Z,CC-BY-4.0,PUBLIC_REAL
UTAH-FORGE-FRONTIER-16-16B-78-32-DAILY-AFTERNOON-REPORT--dea543,FORGE16B7832-01,DDR,Utah Forge_Frontier 16_ 16B(78)- 32 DAILY AFTERNOON REPORT_5-22-23.pdf,Utah FORGE 16B(78)-32 (DOE GeoDataStore / GDR),https://gdr.openei.org/files/1516/16B%20Daily%20Reports.zip,data/interim/forge16b_78_32/16B Daily Reports/Utah Forge_Frontier 16_ 16B(78)- 32 DAILY AFTERNOON REPORT_5-22-23.pdf,a4e99f0606f7f53d14c80545fef4e64684f499567d754c5b1e963b989414bd68,sha256,62002,1,,2026-09-26T16:04:00Z,CC-BY-4.0,PUBLIC_REAL
UTAH-FORGE-FRONTIER-16-16B-78-32-DAILY-AFTERNOON-REPORT--4ad787,FORGE16B7832-01,DDR,Utah Forge_Frontier 16_ 16B(78)- 32 DAILY AFTERNOON REPORT_5-23-23.pdf,Utah FORGE 16B(78)-32 (DOE GeoDataStore / GDR),https://gdr.openei.org/files/1516/16B%20Daily%20Reports.zip,data/interim/forge16b_78_32/16B Daily Reports/Utah Forge_Frontier 16_ 16B(78)- 32 DAILY AFTERNOON REPORT_5-23-23.pdf,eb6e88c403ac6d869d20601cdc4f2e2dd69b06bdc50fba51b42d97e7441c6dae,sha256,63883,1,,2026-09-26T16:04:00Z,CC-BY-4.0,PUBLIC_REAL
UTAH-FORGE-FRONTIER-16-16B-78-32-DAILY-AFTERNOON-REPORT--56882a,FORGE16B7832-01,DDR,Utah Forge_Frontier 16_ 16B(78)- 32 DAILY AFTERNOON REPORT_5-24-23.pdf,Utah FORGE 16B(78)-32 (DOE GeoDataStore / GDR),https://gdr.openei.org/files/1516/16B%20Daily%20Reports.zip,data/interim/forge16b_78_32/16B Daily Reports/Utah Forge_Frontier 16_ 16B(78)- 32 DAILY AFTERNOON REPORT_5-24-23.pdf,f00eb4a536ae8ccb4b58d8ed2ec65d4bd4b1eaeee31d6555489794f0e062ca9b,sha256,62032,1,,2026-09-26T16:04:00Z,CC-BY-4.0,PUBLIC_REAL
UTAH-FORGE-FRONTIER-16-16B-78-32-DAILY-AFTERNOON-REPORT--24a405,FORGE16B7832-01,DDR,Utah Forge_Frontier 16_ 16B(78)- 32 DAILY AFTERNOON REPORT_5-25-23.pdf,Utah FORGE 16B(78)-32 (DOE GeoDataStore / GDR),https://gdr.openei.org/files/1516/16B%20Daily%20Reports.zip,data/interim/forge16b_78_32/16B Daily Reports/Utah Forge_Frontier 16_ 16B(78)- 32 DAILY AFTERNOON REPORT_5-25-23.pdf,f03c412229b5f7dbfb13fa6a9098885d4c12806df572ed87d59df18b4b87a7e8,sha256,63834,1,,2026-09-26T16:04:00Z,CC-BY-4.0,PUBLIC_REAL
UTAH-FORGE-FRONTIER-16-16B-78-32-DAILY-AFTERNOON-REPORT--5183e7,FORGE16B7832-01,DDR,Utah Forge_Frontier 16_ 16B(78)- 32 DAILY AFTERNOON REPORT_5-26-23.pdf,Utah FORGE 16B(78)-32 (DOE GeoDataStore / GDR),https://gdr.openei.org/files/1516/16B%20Daily%20Reports.zip,data/interim/forge16b_78_32/16B Daily Reports/Utah Forge_Frontier 16_ 16B(78)- 32 DAILY AFTERNOON REPORT_5-26-23.pdf,ee3a6d1cdb1423024e69b6f97a1998c1004b6082db835468e586a6eb50e94de0,sha256,62231,1,,2026-09-26T16:04:00Z,CC-BY-4.0,PUBLIC_REAL
UTAH-FORGE-FRONTIER-16-16B-78-32-DAILY-AFTERNOON-REPORT--881d61,FORGE16B7832-01,DDR,Utah Forge_Frontier 16_ 16B(78)- 32 DAILY AFTERNOON REPORT_5-27-23.pdf,Utah FORGE 16B(78)-32 (DOE GeoDataStore / GDR),https://gdr.openei.org/files/1516/16B%20Daily%20Reports.zip,data/interim/forge16b_78_32/16B Daily Reports/Utah Forge_Frontier 16_ 16B(78)- 32 DAILY AFTERNOON REPORT_5-27-23.pdf,b8087eee414d0f521313ec85328da3985bb7f8030b100008d30b3378aebf48f8,sha256,63725,1,,2026-09-26T16:04:00Z,CC-BY-4.0,PUBLIC_REAL
UTAH-FORGE-FRONTIER-16-16B-78-32-DAILY-AFTERNOON-REPORT--e89303,FORGE16B7832-01,DDR,Utah Forge_Frontier 16_ 16B(78)- 32 DAILY AFTERNOON REPORT_5-28-23.pdf,Utah FORGE 16B(78)-32 (DOE GeoDataStore / GDR),https://gdr.openei.org/files/1516/16B%20Daily%20Reports.zip,data/interim/forge16b_78_32/16B Daily Reports/Utah Forge_Frontier 16_ 16B(78)- 32 DAILY AFTERNOON REPORT_5-28-23.pdf,8b9d4b7304ff8f6d009a9bc43d6d2befccec94a06a33d1327c83e6625f9e4bdc,sha256,62441,1,,2026-09-26T16:04:00Z,CC-BY-4.0,PUBLIC_REAL
UTAH-FORGE-FRONTIER-16-16B-78-32-DAILY-AFTERNOON-REPORT--4720fb,FORGE16B7832-01,DDR,Utah Forge_Frontier 16_ 16B(78)- 32 DAILY AFTERNOON REPORT_5-29-23.pdf,Utah FORGE 16B(78)-32 (DOE GeoDataStore / GDR),https://gdr.openei.org/files/1516/16B%20Daily%20Reports.zip,data/interim/forge16b_78_32/16B Daily Reports/Utah Forge_Frontier 16_ 16B(78)- 32 DAILY AFTERNOON REPORT_5-29-23.pdf,1f71001880f56dd5b2ca5b311cb5fcac66d507e8f82fff1443c4c476bb89b8e8,sha256,63997,1,,2026-09-26T16:04:00Z,CC-BY-4.0,PUBLIC_REAL
UTAH-FORGE-FRONTIER-16-16B-78-32-DAILY-AFTERNOON-REPORT--c5f749,FORGE16B7832-01,DDR,Utah Forge_Frontier 16_ 16B(78)- 32 DAILY AFTERNOON REPORT_5-30-23.pdf,Utah FORGE 16B(78)-32 (DOE GeoDataStore / GDR),https://gdr.openei.org/files/1516/16B%20Daily%20Reports.zip,data/interim/forge16b_78_32/16B Daily Reports/Utah Forge_Frontier 16_ 16B(78)- 32 DAILY AFTERNOON REPORT_5-30-23.pdf,e82d0c0c4f6fd181d106b17f95a3c20d5f15e1768d7fa30bb97b7d48dfd4377a,sha256,63756,1,,2026-09-26T16:04:00Z,CC-BY-4.0,PUBLIC_REAL
UTAH-FORGE-FRONTIER-16-16B-78-32-DAILY-AFTERNOON-REPORT--fecdeb,FORGE16B7832-01,DDR,Utah Forge_Frontier 16_ 16B(78)- 32 DAILY AFTERNOON REPORT_5-31-23.pdf,Utah FORGE 16B(78)-32 (DOE GeoDataStore / GDR),https://gdr.openei.org/files/1516/16B%20Daily%20Reports.zip,data/interim/forge16b_78_32/16B Daily Reports/Utah Forge_Frontier 16_ 16B(78)- 32 DAILY AFTERNOON REPORT_5-31-23.pdf,f5ca8a5842c60380b83d1346656edd66f0ec335261894b199d577bc43107df00,sha256,64011,1,,2026-09-26T16:04:00Z,CC-BY-4.0,PUBLIC_REAL
UTAH-FORGE-FRONTIER-16-16B-78-32-DAILY-AFTERNOON-REPORT--88e553,FORGE16B7832-01,DDR,Utah Forge_Frontier 16_ 16B(78)- 32 DAILY AFTERNOON REPORT_6-01-23.pdf,Utah FORGE 16B(78)-32 (DOE GeoDataStore / GDR),https://gdr.openei.org/files/1516/16B%20Daily%20Reports.zip,data/interim/forge16b_78_32/16B Daily Reports/Utah Forge_Frontier 16_ 16B(78)- 32 DAILY AFTERNOON REPORT_6-01-23.pdf,5b4c3ee5a3532af647666df1fb63b6ac3f3bb393355da6868b08a2f1fe2f7277,sha256,62473,1,,2026-09-26T16:04:00Z,CC-BY-4.0,PUBLIC_REAL
UTAH-FORGE-FRONTIER-16-16B-78-32-DAILY-AFTERNOON-REPORT--8257f8,FORGE16B7832-01,DDR,Utah Forge_Frontier 16_ 16B(78)- 32 DAILY AFTERNOON REPORT_6-02-23.pdf,Utah FORGE 16B(78)-32 (DOE GeoDataStore / GDR),https://gdr.openei.org/files/1516/16B%20Daily%20Reports.zip,data/interim/forge16b_78_32/16B Daily Reports/Utah Forge_Frontier 16_ 16B(78)- 32 DAILY AFTERNOON REPORT_6-02-23.pdf,842210fe3b75b725ffc5e7e9fbd3ea7e0da26780b9e6f176cf8dbf31974d7a0b,sha256,64670,1,,2026-09-26T16:04:00Z,CC-BY-4.0,PUBLIC_REAL
UTAH-FORGE-FRONTIER-16-16B-78-32-DAILY-AFTERNOON-REPORT--fc5dbd,FORGE16B7832-01,DDR,Utah Forge_Frontier 16_ 16B(78)- 32 DAILY AFTERNOON REPORT_6-03-23.pdf,Utah FORGE 16B(78)-32 (DOE GeoDataStore / GDR),https://gdr.openei.org/files/1516/16B%20Daily%20Reports.zip,data/interim/forge16b_78_32/16B Daily Reports/Utah Forge_Frontier 16_ 16B(78)- 32 DAILY AFTERNOON REPORT_6-03-23.pdf,b9dd7358d1281bf98c87d3396255adb58e87c2443d2c489f1472439935436fb6,sha256,64955,1,,2026-09-26T16:04:00Z,CC-BY-4.0,PUBLIC_REAL
UTAH-FORGE-FRONTIER-16-16B-78-32-DAILY-AFTERNOON-REPORT--59edcf,FORGE16B7832-01,DDR,Utah Forge_Frontier 16_ 16B(78)- 32 DAILY AFTERNOON REPORT_6-04-23.pdf,Utah FORGE 16B(78)-32 (DOE GeoDataStore / GDR),https://gdr.openei.org/files/1516/16B%20Daily%20Reports.zip,data/interim/forge16b_78_32/16B Daily Reports/Utah Forge_Frontier 16_ 16B(78)- 32 DAILY AFTERNOON REPORT_6-04-23.pdf,e710d9ef41ade384d15aae2a7ba5be536979226bb7a6c045856e224b4b0df026,sha256,64894,1,,2026-09-26T16:04:00Z,CC-BY-4.0,PUBLIC_REAL
UTAH-FORGE-FRONTIER-16-16B-78-32-DAILY-AFTERNOON-REPORT--57536e,FORGE16B7832-01,DDR,Utah Forge_Frontier 16_ 16B(78)- 32 DAILY AFTERNOON REPORT_6-05-23.pdf,Utah FORGE 16B(78)-32 (DOE GeoDataStore / GDR),https://gdr.openei.org/files/1516/16B%20Daily%20Reports.zip,data/interim/forge16b_78_32/16B Daily Reports/Utah Forge_Frontier 16_ 16B(78)- 32 DAILY AFTERNOON REPORT_6-05-23.pdf,0aabf07e28bdedc843d0221a5488c307d0cb18b466c9a536e4647632634d8718,sha256,63803,1,,2026-09-26T16:04:00Z,CC-BY-4.0,PUBLIC_REAL
UTAH-FORGE-FRONTIER-16-16B-78-32-DAILY-AFTERNOON-REPORT--6e548a,FORGE16B7832-01,DDR,Utah Forge_Frontier 16_ 16B(78)- 32 DAILY AFTERNOON REPORT_6-06-23.pdf,Utah FORGE 16B(78)-32 (DOE GeoDataStore / GDR),https://gdr.openei.org/files/1516/16B%20Daily%20Reports.zip,data/interim/forge16b_78_32/16B Daily Reports/Utah Forge_Frontier 16_ 16B(78)- 32 DAILY AFTERNOON REPORT_6-06-23.pdf,b1639a5a6abc9bb64b5bf69542e6671444db026e774c8c9f45e67d8824c4aecb,sha256,64436,1,,2026-09-26T16:04:00Z,CC-BY-4.0,PUBLIC_REAL
UTAH-FORGE-FRONTIER-16-16B-78-32-DAILY-AFTERNOON-REPORT--f14591,FORGE16B7832-01,DDR,Utah Forge_Frontier 16_ 16B(78)- 32 DAILY AFTERNOON REPORT_6-07-23.pdf,Utah FORGE 16B(78)-32 (DOE GeoDataStore / GDR),https://gdr.openei.org/files/1516/16B%20Daily%20Reports.zip,data/interim/forge16b_78_32/16B Daily Reports/Utah Forge_Frontier 16_ 16B(78)- 32 DAILY AFTERNOON REPORT_6-07-23.pdf,172154b4514f87e55ac983dbec8596c22b16c8c6ce31951f09f23e194d19007b,sha256,64409,1,,2026-09-26T16:04:00Z,CC-BY-4.0,PUBLIC_REAL
UTAH-FORGE-FRONTIER-16-16B-78-32-DAILY-AFTERNOON-REPORT--3bf2e2,FORGE16B7832-01,DDR,Utah Forge_Frontier 16_ 16B(78)- 32 DAILY AFTERNOON REPORT_6-08-23.pdf,Utah FORGE 16B(78)-32 (DOE GeoDataStore / GDR),https://gdr.openei.org/files/1516/16B%20Daily%20Reports.zip,data/interim/forge16b_78_32/16B Daily Reports/Utah Forge_Frontier 16_ 16B(78)- 32 DAILY AFTERNOON REPORT_6-08-23.pdf,16f4be2d9ca7ac3f0988efc665a85b24be4bda65de7b2d3aa5deaa79a1d9deef,sha256,62574,1,,2026-09-26T16:04:00Z,CC-BY-4.0,PUBLIC_REAL
UTAH-FORGE-FRONTIER-16-16B-78-32-DAILY-AFTERNOON-REPORT--0a5484,FORGE16B7832-01,DDR,Utah Forge_Frontier 16_ 16B(78)- 32 DAILY AFTERNOON REPORT_6-09-23.pdf,Utah FORGE 16B(78)-32 (DOE GeoDataStore / GDR),https://gdr.openei.org/files/1516/16B%20Daily%20Reports.zip,data/interim/forge16b_78_32/16B Daily Reports/Utah Forge_Frontier 16_ 16B(78)- 32 DAILY AFTERNOON REPORT_6-09-23.pdf,7573259956dbbb14c4fbbd4fd1c2b687500d46e66ec522e719cbde25f7b7a76e,sha256,62523,1,,2026-09-26T16:04:00Z,CC-BY-4.0,PUBLIC_REAL
UTAH-FORGE-FRONTIER-16-16B-78-32-DAILY-AFTERNOON-REPORT--86486d,FORGE16B7832-01,DDR,Utah Forge_Frontier 16_ 16B(78)- 32 DAILY AFTERNOON REPORT_6-10-23.pdf,Utah FORGE 16B(78)-32 (DOE GeoDataStore / GDR),https://gdr.openei.org/files/1516/16B%20Daily%20Reports.zip,data/interim/forge16b_78_32/16B Daily Reports/Utah Forge_Frontier 16_ 16B(78)- 32 DAILY AFTERNOON REPORT_6-10-23.pdf,38cec70500611db5af6a812ff845fd4043880f79132810187f18787fb1d97738,sha256,63516,1,,2026-09-26T16:04:00Z,CC-BY-4.0,PUBLIC_REAL
UTAH-FORGE-FRONTIER-16-16B-78-32-DAILY-AFTERNOON-REPORT--c8cfbc,FORGE16B7832-01,DDR,Utah Forge_Frontier 16_ 16B(78)- 32 DAILY AFTERNOON REPORT_6-11-23.pdf,Utah FORGE 16B(78)-32 (DOE GeoDataStore / GDR),https://gdr.openei.org/files/1516/16B%20Daily%20Reports.zip,data/interim/forge16b_78_32/16B Daily Reports/Utah Forge_Frontier 16_ 16B(78)- 32 DAILY AFTERNOON REPORT_6-11-23.pdf,495b3ada9ce85d626a5ca88169b249e223ea1c45ded937fd6e50fb984c978740,sha256,62573,1,,2026-09-26T16:04:00Z,CC-BY-4.0,PUBLIC_REAL
UTAH-FORGE-FRONTIER-16-16B-78-32-DAILY-AFTERNOON-REPORT--50e825,FORGE16B7832-01,DDR,Utah Forge_Frontier 16_ 16B(78)- 32 DAILY AFTERNOON REPORT_6-12-23.pdf,Utah FORGE 16B(78)-32 (DOE GeoDataStore / GDR),https://gdr.openei.org/files/1516/16B%20Daily%20Reports.zip,data/interim/forge16b_78_32/16B Daily Reports/Utah Forge_Frontier 16_ 16B(78)- 32 DAILY AFTERNOON REPORT_6-12-23.pdf,0679f4e97aa321bb7582f0cbd4607a425f7571d7012c095a24b317d1abb9ff8a,sha256,62734,1,,2026-09-26T16:04:00Z,CC-BY-4.0,PUBLIC_REAL
UTAH-FORGE-FRONTIER-16-16B-78-32-DAILY-AFTERNOON-REPORT--91cb12,FORGE16B7832-01,DDR,Utah Forge_Frontier 16_ 16B(78)- 32 DAILY AFTERNOON REPORT_6-13-23.pdf,Utah FORGE 16B(78)-32 (DOE GeoDataStore / GDR),https://gdr.openei.org/files/1516/16B%20Daily%20Reports.zip,data/interim/forge16b_78_32/16B Daily Reports/Utah Forge_Frontier 16_ 16B(78)- 32 DAILY AFTERNOON REPORT_6-13-23.pdf,0da584b327267243682eaf06c19aaab9c706cb92bc7dce5099e67c1f3335e5b5,sha256,64216,1,,2026-09-26T16:04:00Z,CC-BY-4.0,PUBLIC_REAL
UTAH-FORGE-FRONTIER-16-16B-78-32-DAILY-AFTERNOON-REPORT--e3e056,FORGE16B7832-01,DDR,Utah Forge_Frontier 16_ 16B(78)- 32 DAILY AFTERNOON REPORT_6-14-23.pdf,Utah FORGE 16B(78)-32 (DOE GeoDataStore / GDR),https://gdr.openei.org/files/1516/16B%20Daily%20Reports.zip,data/interim/forge16b_78_32/16B Daily Reports/Utah Forge_Frontier 16_ 16B(78)- 32 DAILY AFTERNOON REPORT_6-14-23.pdf,2dcc429d25b52eb7c1ffe10e9bb23cc48d9c1a1f7a8097be0b0645acc094cd83,sha256,64524,1,,2026-09-26T16:04:00Z,CC-BY-4.0,PUBLIC_REAL
UTAH-FORGE-FRONTIER-16-16B-78-32-DAILY-AFTERNOON-REPORT--824090,FORGE16B7832-01,DDR,Utah Forge_Frontier 16_ 16B(78)- 32 DAILY AFTERNOON REPORT_6-15-23.pdf,Utah FORGE 16B(78)-32 (DOE GeoDataStore / GDR),https://gdr.openei.org/files/1516/16B%20Daily%20Reports.zip,data/interim/forge16b_78_32/16B Daily Reports/Utah Forge_Frontier 16_ 16B(78)- 32 DAILY AFTERNOON REPORT_6-15-23.pdf,2b732e45d03ea54790c347e53c2776547d26935ca25ad0ac4ca0809463c52e47,sha256,63949,1,,2026-09-26T16:04:00Z,CC-BY-4.0,PUBLIC_REAL
UTAH-FORGE-FRONTIER-16-16B-78-32-DAILY-AFTERNOON-REPORT--bba153,FORGE16B7832-01,DDR,Utah Forge_Frontier 16_ 16B(78)- 32 DAILY AFTERNOON REPORT_6-16-23.pdf,Utah FORGE 16B(78)-32 (DOE GeoDataStore / GDR),https://gdr.openei.org/files/1516/16B%20Daily%20Reports.zip,data/interim/forge16b_78_32/16B Daily Reports/Utah Forge_Frontier 16_ 16B(78)- 32 DAILY AFTERNOON REPORT_6-16-23.pdf,86df4b211bdc98b781d7d51096838d8c59ba3a073635a55a5e175c8a58a9594b,sha256,62841,1,,2026-09-26T16:04:00Z,CC-BY-4.0,PUBLIC_REAL
UTAH-FORGE-FRONTIER-16-16B-78-32-DAILY-AFTERNOON-REPORT--fcf1f4,FORGE16B7832-01,DDR,Utah Forge_Frontier 16_ 16B(78)- 32 DAILY AFTERNOON REPORT_6-17-23.pdf,Utah FORGE 16B(78)-32 (DOE GeoDataStore / GDR),https://gdr.openei.org/files/1516/16B%20Daily%20Reports.zip,data/interim/forge16b_78_32/16B Daily Reports/Utah Forge_Frontier 16_ 16B(78)- 32 DAILY AFTERNOON REPORT_6-17-23.pdf,07c20d358692c33c448e4ba96482a52b4ff61e0b828625e6bdd1e6b76f0159c3,sha256,64108,1,,2026-09-26T16:04:00Z,CC-BY-4.0,PUBLIC_REAL
UTAH-FORGE-FRONTIER-16-16B-78-32-DAILY-AFTERNOON-REPORT--f1e48f,FORGE16B7832-01,DDR,Utah Forge_Frontier 16_ 16B(78)- 32 DAILY AFTERNOON REPORT_6-18-23.pdf,Utah FORGE 16B(78)-32 (DOE GeoDataStore / GDR),https://gdr.openei.org/files/1516/16B%20Daily%20Reports.zip,data/interim/forge16b_78_32/16B Daily Reports/Utah Forge_Frontier 16_ 16B(78)- 32 DAILY AFTERNOON REPORT_6-18-23.pdf,3f5b027303f0353dd9e6dc429cbe8f24eac9e5ae7434dae3ea84c854b1ee0cc8,sha256,62355,1,,2026-09-26T16:04:00Z,CC-BY-4.0,PUBLIC_REAL
UTAH-FORGE-FRONTIER-16-16B-78-32-DAILY-AFTERNOON-REPORT--627501,FORGE16B7832-01,DDR,Utah Forge_Frontier 16_ 16B(78)- 32 DAILY AFTERNOON REPORT_6-19-23.pdf,Utah FORGE 16B(78)-32 (DOE GeoDataStore / GDR),https://gdr.openei.org/files/1516/16B%20Daily%20Reports.zip,data/interim/forge16b_78_32/16B Daily Reports/Utah Forge_Frontier 16_ 16B(78)- 32 DAILY AFTERNOON REPORT_6-19-23.pdf,df93729d728566908aa96313060d13132691a02ca55c9614fed12a0063123ed5,sha256,62382,1,,2026-09-26T16:04:00Z,CC-BY-4.0,PUBLIC_REAL
UTAH-FORGE-FRONTIER-16-16B-78-32-DAILY-AFTERNOON-REPORT--f3f770,FORGE16B7832-01,DDR,Utah Forge_Frontier 16_ 16B(78)- 32 DAILY AFTERNOON REPORT_6-20-23.pdf,Utah FORGE 16B(78)-32 (DOE GeoDataStore / GDR),https://gdr.openei.org/files/1516/16B%20Daily%20Reports.zip,data/interim/forge16b_78_32/16B Daily Reports/Utah Forge_Frontier 16_ 16B(78)- 32 DAILY AFTERNOON REPORT_6-20-23.pdf,9497f495ca0b7c7040f39ef60139f082249d70b39884be4576f30103917936cb,sha256,62367,1,,2026-09-26T16:04:00Z,CC-BY-4.0,PUBLIC_REAL
UTAH-FORGE-FRONTIER-16-16B-78-32-DAILY-AFTERNOON-REPORT--1373c5,FORGE16B7832-01,DDR,Utah Forge_Frontier 16_ 16B(78)- 32 DAILY AFTERNOON REPORT_6-21-23.pdf,Utah FORGE 16B(78)-32 (DOE GeoDataStore / GDR),https://gdr.openei.org/files/1516/16B%20Daily%20Reports.zip,data/interim/forge16b_78_32/16B Daily Reports/Utah Forge_Frontier 16_ 16B(78)- 32 DAILY AFTERNOON REPORT_6-21-23.pdf,fdcecbd4e42ba9c27bd675f541b037dbcd6fefd60fb91d6ece0e7799bb48fa9b,sha256,62058,1,,2026-09-26T16:04:00Z,CC-BY-4.0,PUBLIC_REAL
UTAH-FORGE-FRONTIER-16-16B-78-32-DAILY-AFTERNOON-REPORT--6e4aca,FORGE16B7832-01,DDR,Utah Forge_Frontier 16_ 16B(78)- 32 DAILY AFTERNOON REPORT_6-22-23.pdf,Utah FORGE 16B(78)-32 (DOE GeoDataStore / GDR),https://gdr.openei.org/files/1516/16B%20Daily%20Reports.zip,data/interim/forge16b_78_32/16B Daily Reports/Utah Forge_Frontier 16_ 16B(78)- 32 DAILY AFTERNOON REPORT_6-22-23.pdf,e6d41967052b75eac8781fbc5eb087c3ac2a3b011e898a5a5ba4f3b714087b92,sha256,63070,1,,2026-09-26T16:04:00Z,CC-BY-4.0,PUBLIC_REAL
UTAH-FORGE-FRONTIER-16-16B-78-32-DAILY-AFTERNOON-REPORT--3afe82,FORGE16B7832-01,DDR,Utah Forge_Frontier 16_ 16B(78)- 32 DAILY AFTERNOON REPORT_6-23-23.pdf,Utah FORGE 16B(78)-32 (DOE GeoDataStore / GDR),https://gdr.openei.org/files/1516/16B%20Daily%20Reports.zip,data/interim/forge16b_78_32/16B Daily Reports/Utah Forge_Frontier 16_ 16B(78)- 32 DAILY AFTERNOON REPORT_6-23-23.pdf,15aa01cda1d554c2d357218cb5a5b9dd2aff32b0a60c3200fc431f9b301275fa,sha256,61688,1,,2026-09-26T16:04:00Z,CC-BY-4.0,PUBLIC_REAL
UTAH-FORGE-FRONTIER-16-16B-78-32-DAILY-AFTERNOON-REPORT--6b5efa,FORGE16B7832-01,DDR,Utah Forge_Frontier 16_ 16B(78)- 32 DAILY AFTERNOON REPORT_6-24-23.pdf,Utah FORGE 16B(78)-32 (DOE GeoDataStore / GDR),https://gdr.openei.org/files/1516/16B%20Daily%20Reports.zip,data/interim/forge16b_78_32/16B Daily Reports/Utah Forge_Frontier 16_ 16B(78)- 32 DAILY AFTERNOON REPORT_6-24-23.pdf,b1e766111300a6c9dd5b30e191cfec428be6083a449beb33d8d3fb1221284c18,sha256,61770,1,,2026-09-26T16:04:00Z,CC-BY-4.0,PUBLIC_REAL
UTAH-FORGE-FRONTIER-16-16B-78-32-DAILY-AFTERNOON-REPORT--e038b5,FORGE16B7832-01,DDR,Utah Forge_Frontier 16_ 16B(78)- 32 DAILY AFTERNOON REPORT_6-25-23.pdf,Utah FORGE 16B(78)-32 (DOE GeoDataStore / GDR),https://gdr.openei.org/files/1516/16B%20Daily%20Reports.zip,data/interim/forge16b_78_32/16B Daily Reports/Utah Forge_Frontier 16_ 16B(78)- 32 DAILY AFTERNOON REPORT_6-25-23.pdf,72ca2b2ce133544433aaad57e5ecda5342ffa7f859a404bd1177392119c7e48a,sha256,61756,1,,2026-09-26T16:04:00Z,CC-BY-4.0,PUBLIC_REAL
UTAH-FORGE-FRONTIER-16-16B-78-32-DAILY-AFTERNOON-REPORT--a141e2,FORGE16B7832-01,DDR,Utah Forge_Frontier 16_ 16B(78)- 32 DAILY AFTERNOON REPORT_6-26-23.pdf,Utah FORGE 16B(78)-32 (DOE GeoDataStore / GDR),https://gdr.openei.org/files/1516/16B%20Daily%20Reports.zip,data/interim/forge16b_78_32/16B Daily Reports/Utah Forge_Frontier 16_ 16B(78)- 32 DAILY AFTERNOON REPORT_6-26-23.pdf,027f7a7555bd74293d559eba9255592a4bac4f556531bd4818b0e606a6d46d5b,sha256,61802,1,,2026-09-26T16:04:00Z,CC-BY-4.0,PUBLIC_REAL
UTAH-FORGE-FRONTIER-16-16B-78-32-DAILY-AFTERNOON-REPORT--f7dc10,FORGE16B7832-01,DDR,Utah Forge_Frontier 16_ 16B(78)- 32 DAILY AFTERNOON REPORT_6-27-23.pdf,Utah FORGE 16B(78)-32 (DOE GeoDataStore / GDR),https://gdr.openei.org/files/1516/16B%20Daily%20Reports.zip,data/interim/forge16b_78_32/16B Daily Reports/Utah Forge_Frontier 16_ 16B(78)- 32 DAILY AFTERNOON REPORT_6-27-23.pdf,046382d00abca77b91943b74abccb591c1fd31c2278ef482088189db86ac8c27,sha256,61899,1,,2026-09-26T16:04:00Z,CC-BY-4.0,PUBLIC_REAL
UTAH-FORGE-FRONTIER-16-16B-78-32-DAILY-AFTERNOON-REPORT--971bad,FORGE16B7832-01,DDR,Utah Forge_Frontier 16_ 16B(78)- 32 DAILY AFTERNOON REPORT_6-30-23.pdf,Utah FORGE 16B(78)-32 (DOE GeoDataStore / GDR),https://gdr.openei.org/files/1516/16B%20Daily%20Reports.zip,data/interim/forge16b_78_32/16B Daily Reports/Utah Forge_Frontier 16_ 16B(78)- 32 DAILY AFTERNOON REPORT_6-30-23.pdf,1f2055eb2b3fb1772c23ead6164e20c364f990e928745dcd8b03959f82fbb338,sha256,61664,1,,2026-09-26T16:04:00Z,CC-BY-4.0,PUBLIC_REAL
UTAH-FORGE-FRONTIER-16-16B-78-32-DAILY-AFTERNOON-REPORT--da90b5,FORGE16B7832-01,DDR,Utah Forge_Frontier 16_ 16B(78)- 32 DAILY AFTERNOON REPORT_7-1-23.pdf,Utah FORGE 16B(78)-32 (DOE GeoDataStore / GDR),https://gdr.openei.org/files/1516/16B%20Daily%20Reports.zip,data/interim/forge16b_78_32/16B Daily Reports/Utah Forge_Frontier 16_ 16B(78)- 32 DAILY AFTERNOON REPORT_7-1-23.pdf,242a88c258cfa4dcd49455699ad6ec60073c4cd742a4890df0650ab3dfac4474,sha256,63379,1,,2026-09-26T16:04:00Z,CC-BY-4.0,PUBLIC_REAL
UTAH-FORGE-FRONTIER-16-16B-78-32-DAILY-AFTERNOON-REPORT--f60310,FORGE16B7832-01,DDR,Utah Forge_Frontier 16_ 16B(78)- 32 DAILY AFTERNOON REPORT_7-10-23.pdf,Utah FORGE 16B(78)-32 (DOE GeoDataStore / GDR),https://gdr.openei.org/files/1516/16B%20Daily%20Reports.zip,data/interim/forge16b_78_32/16B Daily Reports/Utah Forge_Frontier 16_ 16B(78)- 32 DAILY AFTERNOON REPORT_7-10-23.pdf,9a52c33c87ef92994b3914d064aa16263b40480636ab195a245686b6b5d462bd,sha256,64110,1,,2026-09-26T16:04:00Z,CC-BY-4.0,PUBLIC_REAL
UTAH-FORGE-FRONTIER-16-16B-78-32-DAILY-AFTERNOON-REPORT--bfb155,FORGE16B7832-01,DDR,Utah Forge_Frontier 16_ 16B(78)- 32 DAILY AFTERNOON REPORT_7-11-23.pdf,Utah FORGE 16B(78)-32 (DOE GeoDataStore / GDR),https://gdr.openei.org/files/1516/16B%20Daily%20Reports.zip,data/interim/forge16b_78_32/16B Daily Reports/Utah Forge_Frontier 16_ 16B(78)- 32 DAILY AFTERNOON REPORT_7-11-23.pdf,83bbaee5bf9c2110146acd08a75136a67607a010bf11ad8c21c6ac9c8efb7c35,sha256,63544,1,,2026-09-26T16:04:00Z,CC-BY-4.0,PUBLIC_REAL
UTAH-FORGE-FRONTIER-16-16B-78-32-DAILY-AFTERNOON-REPORT--6785e0,FORGE16B7832-01,DDR,Utah Forge_Frontier 16_ 16B(78)- 32 DAILY AFTERNOON REPORT_7-12-23.pdf,Utah FORGE 16B(78)-32 (DOE GeoDataStore / GDR),https://gdr.openei.org/files/1516/16B%20Daily%20Reports.zip,data/interim/forge16b_78_32/16B Daily Reports/Utah Forge_Frontier 16_ 16B(78)- 32 DAILY AFTERNOON REPORT_7-12-23.pdf,2e8398d3fb0ba3951e0cda7414271e5c386963e9b3e900c6bd39f8b6bad7b71e,sha256,63758,1,,2026-09-26T16:04:00Z,CC-BY-4.0,PUBLIC_REAL
UTAH-FORGE-FRONTIER-16-16B-78-32-DAILY-AFTERNOON-REPORT--594ffa,FORGE16B7832-01,DDR,Utah Forge_Frontier 16_ 16B(78)- 32 DAILY AFTERNOON REPORT_7-13-23.pdf,Utah FORGE 16B(78)-32 (DOE GeoDataStore / GDR),https://gdr.openei.org/files/1516/16B%20Daily%20Reports.zip,data/interim/forge16b_78_32/16B Daily Reports/Utah Forge_Frontier 16_ 16B(78)- 32 DAILY AFTERNOON REPORT_7-13-23.pdf,8c2822df0ef84a5b3b49b2de212b7fd7611bb9d8fb1e387f4adf3bf2d8acbd0c,sha256,63228,1,,2026-09-26T16:04:00Z,CC-BY-4.0,PUBLIC_REAL
UTAH-FORGE-FRONTIER-16-16B-78-32-DAILY-AFTERNOON-REPORT--bfc40a,FORGE16B7832-01,DDR,Utah Forge_Frontier 16_ 16B(78)- 32 DAILY AFTERNOON REPORT_7-14-23.pdf,Utah FORGE 16B(78)-32 (DOE GeoDataStore / GDR),https://gdr.openei.org/files/1516/16B%20Daily%20Reports.zip,data/interim/forge16b_78_32/16B Daily Reports/Utah Forge_Frontier 16_ 16B(78)- 32 DAILY AFTERNOON REPORT_7-14-23.pdf,aed7f644125165167e5e6d0ed91cd0f6705b3612d83f79259bfb85f5d5db0ae8,sha256,62740,1,,2026-09-26T16:04:00Z,CC-BY-4.0,PUBLIC_REAL
UTAH-FORGE-FRONTIER-16-16B-78-32-DAILY-AFTERNOON-REPORT--9646d5,FORGE16B7832-01,DDR,Utah Forge_Frontier 16_ 16B(78)- 32 DAILY AFTERNOON REPORT_7-16-23.pdf,Utah FORGE 16B(78)-32 (DOE GeoDataStore / GDR),https://gdr.openei.org/files/1516/16B%20Daily%20Reports.zip,data/interim/forge16b_78_32/16B Daily Reports/Utah Forge_Frontier 16_ 16B(78)- 32 DAILY AFTERNOON REPORT_7-16-23.pdf,579046a32637eeb76bbb426abb40ef296bd0a385633b7b212a7ad7067d53cc9a,sha256,63100,1,,2026-09-26T16:04:00Z,CC-BY-4.0,PUBLIC_REAL
UTAH-FORGE-FRONTIER-16-16B-78-32-DAILY-AFTERNOON-REPORT--950a75,FORGE16B7832-01,DDR,Utah Forge_Frontier 16_ 16B(78)- 32 DAILY AFTERNOON REPORT_7-17-23.pdf,Utah FORGE 16B(78)-32 (DOE GeoDataStore / GDR),https://gdr.openei.org/files/1516/16B%20Daily%20Reports.zip,data/interim/forge16b_78_32/16B Daily Reports/Utah Forge_Frontier 16_ 16B(78)- 32 DAILY AFTERNOON REPORT_7-17-23.pdf,da218919ccf6907085f5b7e45612cd9dd782eb699067a2e34b50a06317c2f689,sha256,61509,1,,2026-09-26T16:04:00Z,CC-BY-4.0,PUBLIC_REAL
UTAH-FORGE-FRONTIER-16-16B-78-32-DAILY-AFTERNOON-REPORT--632919,FORGE16B7832-01,DDR,Utah Forge_Frontier 16_ 16B(78)- 32 DAILY AFTERNOON REPORT_7-18-23.pdf,Utah FORGE 16B(78)-32 (DOE GeoDataStore / GDR),https://gdr.openei.org/files/1516/16B%20Daily%20Reports.zip,data/interim/forge16b_78_32/16B Daily Reports/Utah Forge_Frontier 16_ 16B(78)- 32 DAILY AFTERNOON REPORT_7-18-23.pdf,c246c5ef45c9273aa988dca3d7b275ce7101ea59fa08d782f2ea8a04f57f3089,sha256,63908,1,,2026-09-26T16:04:00Z,CC-BY-4.0,PUBLIC_REAL
UTAH-FORGE-FRONTIER-16-16B-78-32-DAILY-AFTERNOON-REPORT--1da921,FORGE16B7832-01,DDR,Utah Forge_Frontier 16_ 16B(78)- 32 DAILY AFTERNOON REPORT_7-2-23.pdf,Utah FORGE 16B(78)-32 (DOE GeoDataStore / GDR),https://gdr.openei.org/files/1516/16B%20Daily%20Reports.zip,data/interim/forge16b_78_32/16B Daily Reports/Utah Forge_Frontier 16_ 16B(78)- 32 DAILY AFTERNOON REPORT_7-2-23.pdf,25b5c1b63b6b66f597d4f3cd16a657f4116f03f12b86fd0187e100f9fa74a842,sha256,63402,1,,2026-09-26T16:04:00Z,CC-BY-4.0,PUBLIC_REAL
UTAH-FORGE-FRONTIER-16-16B-78-32-DAILY-AFTERNOON-REPORT--772557,FORGE16B7832-01,DDR,Utah Forge_Frontier 16_ 16B(78)- 32 DAILY AFTERNOON REPORT_7-20-23.pdf,Utah FORGE 16B(78)-32 (DOE GeoDataStore / GDR),https://gdr.openei.org/files/1516/16B%20Daily%20Reports.zip,data/interim/forge16b_78_32/16B Daily Reports/Utah Forge_Frontier 16_ 16B(78)- 32 DAILY AFTERNOON REPORT_7-20-23.pdf,4981cb54b31c85271e1fc69559dfba6cc1dde20706ec74fd0e0840594ea834ae,sha256,62358,1,,2026-09-26T16:04:00Z,CC-BY-4.0,PUBLIC_REAL
UTAH-FORGE-FRONTIER-16-16B-78-32-DAILY-AFTERNOON-REPORT--8c3e9b,FORGE16B7832-01,DDR,Utah Forge_Frontier 16_ 16B(78)- 32 DAILY AFTERNOON REPORT_7-3-23.pdf,Utah FORGE 16B(78)-32 (DOE GeoDataStore / GDR),https://gdr.openei.org/files/1516/16B%20Daily%20Reports.zip,data/interim/forge16b_78_32/16B Daily Reports/Utah Forge_Frontier 16_ 16B(78)- 32 DAILY AFTERNOON REPORT_7-3-23.pdf,26a0e45c60513c824e8be640e972d678d178317702c6a25b68fddc349f93f6f6,sha256,62399,1,,2026-09-26T16:04:00Z,CC-BY-4.0,PUBLIC_REAL
UTAH-FORGE-FRONTIER-16-16B-78-32-DAILY-AFTERNOON-REPORT--158cbe,FORGE16B7832-01,DDR,Utah Forge_Frontier 16_ 16B(78)- 32 DAILY AFTERNOON REPORT_7-5-23.pdf,Utah FORGE 16B(78)-32 (DOE GeoDataStore / GDR),https://gdr.openei.org/files/1516/16B%20Daily%20Reports.zip,data/interim/forge16b_78_32/16B Daily Reports/Utah Forge_Frontier 16_ 16B(78)- 32 DAILY AFTERNOON REPORT_7-5-23.pdf,8ccb3a78a410ee36227c11197bd9fdbe0b5cb3a9dad323c6d23a78c8066fac03,sha256,62614,1,,2026-09-26T16:04:00Z,CC-BY-4.0,PUBLIC_REAL
UTAH-FORGE-FRONTIER-16-16B-78-32-DAILY-AFTERNOON-REPORT--7e710d,FORGE16B7832-01,DDR,Utah Forge_Frontier 16_ 16B(78)- 32 DAILY AFTERNOON REPORT_7-6-23.pdf,Utah FORGE 16B(78)-32 (DOE GeoDataStore / GDR),https://gdr.openei.org/files/1516/16B%20Daily%20Reports.zip,data/interim/forge16b_78_32/16B Daily Reports/Utah Forge_Frontier 16_ 16B(78)- 32 DAILY AFTERNOON REPORT_7-6-23.pdf,db556df99ebab87bedc94f4f776f0712522445d4c6160fcd7f998b4dbc997c50,sha256,63222,1,,2026-09-26T16:04:00Z,CC-BY-4.0,PUBLIC_REAL
UTAH-FORGE-FRONTIER-16-16B-78-32-DAILY-AFTERNOON-REPORT--a82212,FORGE16B7832-01,DDR,Utah Forge_Frontier 16_ 16B(78)- 32 DAILY AFTERNOON REPORT_7-9-23.pdf,Utah FORGE 16B(78)-32 (DOE GeoDataStore / GDR),https://gdr.openei.org/files/1516/16B%20Daily%20Reports.zip,data/interim/forge16b_78_32/16B Daily Reports/Utah Forge_Frontier 16_ 16B(78)- 32 DAILY AFTERNOON REPORT_7-9-23.pdf,00842c13cd5e99c89aa02f6e5dc08753e9fd1aa19104efeb77225cf778f8eae0,sha256,63600,1,,2026-09-26T16:04:00Z,CC-BY-4.0,PUBLIC_REAL
UTAH-FORGE-FRONTIER-16-16B-78-32-DAILY-AFTERNOOON-REPORT,FORGE16B7832-01,DDR,Utah Forge_Frontier 16_ 16B(78)- 32 DAILY AFTERNOOON REPORT_7-15-23.pdf,Utah FORGE 16B(78)-32 (DOE GeoDataStore / GDR),https://gdr.openei.org/files/1516/16B%20Daily%20Reports.zip,data/interim/forge16b_78_32/16B Daily Reports/Utah Forge_Frontier 16_ 16B(78)- 32 DAILY AFTERNOOON REPORT_7-15-23.pdf,f8398ad7e3e4aa6272e2e4712d54d13f0bd6b2ca8a8c19ea008b3e08ee30d392,sha256,62871,1,,2026-09-26T16:04:00Z,CC-BY-4.0,PUBLIC_REAL
UTAH-FORGE-FRONTIER-16-16B-78-32-DAILY-MORNING-REPORT-5-,FORGE16B7832-01,DDR,Utah Forge_Frontier 16_ 16B(78)- 32 DAILY MORNING REPORT_5-10-23.pdf,Utah FORGE 16B(78)-32 (DOE GeoDataStore / GDR),https://gdr.openei.org/files/1516/16B%20Daily%20Reports.zip,data/interim/forge16b_78_32/16B Daily Reports/Utah Forge_Frontier 16_ 16B(78)- 32 DAILY MORNING REPORT_5-10-23.pdf,439ae626e3ddddf0b985e79ac8b11536ef21ecd8c9ec83f6123e0b1d58fff25b,sha256,179354,1,,2026-09-26T16:04:00Z,CC-BY-4.0,PUBLIC_REAL
UTAH-FORGE-FRONTIER-16-16B-78-32-DAILY-MORNING-REPORT-5--3b98f0,FORGE16B7832-01,DDR,Utah Forge_Frontier 16_ 16B(78)- 32 DAILY MORNING REPORT_5-11-23.pdf,Utah FORGE 16B(78)-32 (DOE GeoDataStore / GDR),https://gdr.openei.org/files/1516/16B%20Daily%20Reports.zip,data/interim/forge16b_78_32/16B Daily Reports/Utah Forge_Frontier 16_ 16B(78)- 32 DAILY MORNING REPORT_5-11-23.pdf,13fa5e1d4d73034ddb86fef826f3b2c4ec097bf40761985b293fac78e93a567c,sha256,178003,1,,2026-09-26T16:04:00Z,CC-BY-4.0,PUBLIC_REAL
UTAH-FORGE-FRONTIER-16-16B-78-32-DAILY-MORNING-REPORT-5--9d6fda,FORGE16B7832-01,DDR,Utah Forge_Frontier 16_ 16B(78)- 32 DAILY MORNING REPORT_5-12-23.pdf,Utah FORGE 16B(78)-32 (DOE GeoDataStore / GDR),https://gdr.openei.org/files/1516/16B%20Daily%20Reports.zip,data/interim/forge16b_78_32/16B Daily Reports/Utah Forge_Frontier 16_ 16B(78)- 32 DAILY MORNING REPORT_5-12-23.pdf,2c9353c864a408711e36e08ab28db4241a956234e421376a5955b6f14635a01c,sha256,173093,1,,2026-09-26T16:04:00Z,CC-BY-4.0,PUBLIC_REAL
UTAH-FORGE-FRONTIER-16-16B-78-32-DAILY-MORNING-REPORT-5--a389b4,FORGE16B7832-01,DDR,Utah Forge_Frontier 16_ 16B(78)- 32 DAILY MORNING REPORT_5-13-23.pdf,Utah FORGE 16B(78)-32 (DOE GeoDataStore / GDR),https://gdr.openei.org/files/1516/16B%20Daily%20Reports.zip,data/interim/forge16b_78_32/16B Daily Reports/Utah Forge_Frontier 16_ 16B(78)- 32 DAILY MORNING REPORT_5-13-23.pdf,a0a0c860a52b454665bc266564dc7262eae6f8678ce1ce54041afcb5915c1098,sha256,173238,1,,2026-09-26T16:04:00Z,CC-BY-4.0,PUBLIC_REAL
UTAH-FORGE-FRONTIER-16-16B-78-32-DAILY-MORNING-REPORT-5--26e02b,FORGE16B7832-01,DDR,Utah Forge_Frontier 16_ 16B(78)- 32 DAILY MORNING REPORT_5-16-23.pdf,Utah FORGE 16B(78)-32 (DOE GeoDataStore / GDR),https://gdr.openei.org/files/1516/16B%20Daily%20Reports.zip,data/interim/forge16b_78_32/16B Daily Reports/Utah Forge_Frontier 16_ 16B(78)- 32 DAILY MORNING REPORT_5-16-23.pdf,79cae64ffb05252a591a1bbaf63b8ca52f61d25058a66635ee4d901758c52353,sha256,178064,1,,2026-09-26T16:04:00Z,CC-BY-4.0,PUBLIC_REAL
UTAH-FORGE-FRONTIER-16-16B-78-32-DAILY-MORNING-REPORT-5--028ca3,FORGE16B7832-01,DDR,Utah Forge_Frontier 16_ 16B(78)- 32 DAILY MORNING REPORT_5-17-23.pdf,Utah FORGE 16B(78)-32 (DOE GeoDataStore / GDR),https://gdr.openei.org/files/1516/16B%20Daily%20Reports.zip,data/interim/forge16b_78_32/16B Daily Reports/Utah Forge_Frontier 16_ 16B(78)- 32 DAILY MORNING REPORT_5-17-23.pdf,59baa788bcc0146821e4f9b359718b53af32e74d519511cd72d98800fd902dd0,sha256,172622,1,,2026-09-26T16:04:00Z,CC-BY-4.0,PUBLIC_REAL
UTAH-FORGE-FRONTIER-16-16B-78-32-DAILY-MORNING-REPORT-5--2b5cd6,FORGE16B7832-01,DDR,Utah Forge_Frontier 16_ 16B(78)- 32 DAILY MORNING REPORT_5-18-23.pdf,Utah FORGE 16B(78)-32 (DOE GeoDataStore / GDR),https://gdr.openei.org/files/1516/16B%20Daily%20Reports.zip,data/interim/forge16b_78_32/16B Daily Reports/Utah Forge_Frontier 16_ 16B(78)- 32 DAILY MORNING REPORT_5-18-23.pdf,98f2be49834e8a6c76ed563149b1c16160aae397ae5af276d3303125c19970b6,sha256,175354,1,,2026-09-26T16:04:00Z,CC-BY-4.0,PUBLIC_REAL
UTAH-FORGE-FRONTIER-16-16B-78-32-DAILY-MORNING-REPORT-5--b2814e,FORGE16B7832-01,DDR,Utah Forge_Frontier 16_ 16B(78)- 32 DAILY MORNING REPORT_5-19-23.pdf,Utah FORGE 16B(78)-32 (DOE GeoDataStore / GDR),https://gdr.openei.org/files/1516/16B%20Daily%20Reports.zip,data/interim/forge16b_78_32/16B Daily Reports/Utah Forge_Frontier 16_ 16B(78)- 32 DAILY MORNING REPORT_5-19-23.pdf,30db4bd4bdda89fe6efc4271b434ac4f2f31b1337f2f96693da53ce4256aca3c,sha256,177541,1,,2026-09-26T16:04:00Z,CC-BY-4.0,PUBLIC_REAL
UTAH-FORGE-FRONTIER-16-16B-78-32-DAILY-MORNING-REPORT-5--4edae3,FORGE16B7832-01,DDR,Utah Forge_Frontier 16_ 16B(78)- 32 DAILY MORNING REPORT_5-20-23.pdf,Utah FORGE 16B(78)-32 (DOE GeoDataStore / GDR),https://gdr.openei.org/files/1516/16B%20Daily%20Reports.zip,data/interim/forge16b_78_32/16B Daily Reports/Utah Forge_Frontier 16_ 16B(78)- 32 DAILY MORNING REPORT_5-20-23.pdf,e562dfd6737c4684bd8d9b1ab48736772090ce27f936781559049c7c54ab3555,sha256,171106,1,,2026-09-26T16:04:00Z,CC-BY-4.0,PUBLIC_REAL
UTAH-FORGE-FRONTIER-16-16B-78-32-DAILY-MORNING-REPORT-5--90f5fd,FORGE16B7832-01,DDR,Utah Forge_Frontier 16_ 16B(78)- 32 DAILY MORNING REPORT_5-21-23.pdf,Utah FORGE 16B(78)-32 (DOE GeoDataStore / GDR),https://gdr.openei.org/files/1516/16B%20Daily%20Reports.zip,data/interim/forge16b_78_32/16B Daily Reports/Utah Forge_Frontier 16_ 16B(78)- 32 DAILY MORNING REPORT_5-21-23.pdf,dba265f3e4314b7fb43c077d483f08df3ef7301c93a00c67d71ab6ebb0e5a103,sha256,172939,1,,2026-09-26T16:04:00Z,CC-BY-4.0,PUBLIC_REAL
UTAH-FORGE-FRONTIER-16-16B-78-32-DAILY-MORNING-REPORT-5--43930b,FORGE16B7832-01,DDR,Utah Forge_Frontier 16_ 16B(78)- 32 DAILY MORNING REPORT_5-22-23.pdf,Utah FORGE 16B(78)-32 (DOE GeoDataStore / GDR),https://gdr.openei.org/files/1516/16B%20Daily%20Reports.zip,data/interim/forge16b_78_32/16B Daily Reports/Utah Forge_Frontier 16_ 16B(78)- 32 DAILY MORNING REPORT_5-22-23.pdf,9cc5b7a75fc25748094ad4eae69aeb83a7407f99cea39b9bd6fcd1a5412686df,sha256,173971,1,,2026-09-26T16:04:00Z,CC-BY-4.0,PUBLIC_REAL
UTAH-FORGE-FRONTIER-16-16B-78-32-DAILY-MORNING-REPORT-5--2fee66,FORGE16B7832-01,DDR,Utah Forge_Frontier 16_ 16B(78)- 32 DAILY MORNING REPORT_5-23-23.pdf,Utah FORGE 16B(78)-32 (DOE GeoDataStore / GDR),https://gdr.openei.org/files/1516/16B%20Daily%20Reports.zip,data/interim/forge16b_78_32/16B Daily Reports/Utah Forge_Frontier 16_ 16B(78)- 32 DAILY MORNING REPORT_5-23-23.pdf,0f004e5e316cb512b2f0cad248e72b5848653a3fd6da9cf20eb76e81e6c74f42,sha256,174003,1,,2026-09-26T16:04:00Z,CC-BY-4.0,PUBLIC_REAL
UTAH-FORGE-FRONTIER-16-16B-78-32-DAILY-MORNING-REPORT-5--41ec68,FORGE16B7832-01,DDR,Utah Forge_Frontier 16_ 16B(78)- 32 DAILY MORNING REPORT_5-24-23.pdf,Utah FORGE 16B(78)-32 (DOE GeoDataStore / GDR),https://gdr.openei.org/files/1516/16B%20Daily%20Reports.zip,data/interim/forge16b_78_32/16B Daily Reports/Utah Forge_Frontier 16_ 16B(78)- 32 DAILY MORNING REPORT_5-24-23.pdf,62333a10d41c6300cd514e984dd3eefab88c84eb99014bbdf30eff2174f79893,sha256,169483,1,,2026-09-26T16:04:00Z,CC-BY-4.0,PUBLIC_REAL
UTAH-FORGE-FRONTIER-16-16B-78-32-DAILY-MORNING-REPORT-5--31c6ab,FORGE16B7832-01,DDR,Utah Forge_Frontier 16_ 16B(78)- 32 DAILY MORNING REPORT_5-25-23.pdf,Utah FORGE 16B(78)-32 (DOE GeoDataStore / GDR),https://gdr.openei.org/files/1516/16B%20Daily%20Reports.zip,data/interim/forge16b_78_32/16B Daily Reports/Utah Forge_Frontier 16_ 16B(78)- 32 DAILY MORNING REPORT_5-25-23.pdf,5e0cdefdc9cf78d47d46372266dbf9e5935783d572c9ca6d76f218e041a2a287,sha256,171955,1,,2026-09-26T16:04:00Z,CC-BY-4.0,PUBLIC_REAL
UTAH-FORGE-FRONTIER-16-16B-78-32-DAILY-MORNING-REPORT-5--2be38d,FORGE16B7832-01,DDR,Utah Forge_Frontier 16_ 16B(78)- 32 DAILY MORNING REPORT_5-26-23.pdf,Utah FORGE 16B(78)-32 (DOE GeoDataStore / GDR),https://gdr.openei.org/files/1516/16B%20Daily%20Reports.zip,data/interim/forge16b_78_32/16B Daily Reports/Utah Forge_Frontier 16_ 16B(78)- 32 DAILY MORNING REPORT_5-26-23.pdf,49c15b9062a6290f68319574dcc71f6f89b19855a1a91c0e9ee7422b4c22f2bb,sha256,173030,1,,2026-09-26T16:04:00Z,CC-BY-4.0,PUBLIC_REAL
UTAH-FORGE-FRONTIER-16-16B-78-32-DAILY-MORNING-REPORT-5--62a690,FORGE16B7832-01,DDR,Utah Forge_Frontier 16_ 16B(78)- 32 DAILY MORNING REPORT_5-27-23.pdf,Utah FORGE 16B(78)-32 (DOE GeoDataStore / GDR),https://gdr.openei.org/files/1516/16B%20Daily%20Reports.zip,data/interim/forge16b_78_32/16B Daily Reports/Utah Forge_Frontier 16_ 16B(78)- 32 DAILY MORNING REPORT_5-27-23.pdf,2ceb90746d2a5f22235995a733ce40dfb15dfa347bf5e2340ab40c3450ef5c18,sha256,169535,1,,2026-09-26T16:04:00Z,CC-BY-4.0,PUBLIC_REAL
UTAH-FORGE-FRONTIER-16-16B-78-32-DAILY-MORNING-REPORT-5--fd47e7,FORGE16B7832-01,DDR,Utah Forge_Frontier 16_ 16B(78)- 32 DAILY MORNING REPORT_5-28-23.pdf,Utah FORGE 16B(78)-32 (DOE GeoDataStore / GDR),https://gdr.openei.org/files/1516/16B%20Daily%20Reports.zip,data/interim/forge16b_78_32/16B Daily Reports/Utah Forge_Frontier 16_ 16B(78)- 32 DAILY MORNING REPORT_5-28-23.pdf,2c36e8f7d5c6da4ec81ec48ac454057dd1d39f6cbf15558f70eed19057998ff5,sha256,173175,1,,2026-09-26T16:04:00Z,CC-BY-4.0,PUBLIC_REAL
UTAH-FORGE-FRONTIER-16-16B-78-32-DAILY-MORNING-REPORT-5--03bdda,FORGE16B7832-01,DDR,Utah Forge_Frontier 16_ 16B(78)- 32 DAILY MORNING REPORT_5-29-23.pdf,Utah FORGE 16B(78)-32 (DOE GeoDataStore / GDR),https://gdr.openei.org/files/1516/16B%20Daily%20Reports.zip,data/interim/forge16b_78_32/16B Daily Reports/Utah Forge_Frontier 16_ 16B(78)- 32 DAILY MORNING REPORT_5-29-23.pdf,6bc4d6e6e8823fbeaa25020225fb2908fd73319f3613a7f79dfa1164a2b5c4f1,sha256,174339,1,,2026-09-26T16:04:00Z,CC-BY-4.0,PUBLIC_REAL
UTAH-FORGE-FRONTIER-16-16B-78-32-DAILY-MORNING-REPORT-5--a8c891,FORGE16B7832-01,DDR,Utah Forge_Frontier 16_ 16B(78)- 32 DAILY MORNING REPORT_5-30-23.pdf,Utah FORGE 16B(78)-32 (DOE GeoDataStore / GDR),https://gdr.openei.org/files/1516/16B%20Daily%20Reports.zip,data/interim/forge16b_78_32/16B Daily Reports/Utah Forge_Frontier 16_ 16B(78)- 32 DAILY MORNING REPORT_5-30-23.pdf,7b28e31ef560ff6a8d4a4b84a665022482fd0eefd2132494cdabfeca2cf0fc77,sha256,173238,1,,2026-09-26T16:04:00Z,CC-BY-4.0,PUBLIC_REAL
UTAH-FORGE-FRONTIER-16-16B-78-32-DAILY-MORNING-REPORT-5--a03988,FORGE16B7832-01,DDR,Utah Forge_Frontier 16_ 16B(78)- 32 DAILY MORNING REPORT_5-31-23.pdf,Utah FORGE 16B(78)-32 (DOE GeoDataStore / GDR),https://gdr.openei.org/files/1516/16B%20Daily%20Reports.zip,data/interim/forge16b_78_32/16B Daily Reports/Utah Forge_Frontier 16_ 16B(78)- 32 DAILY MORNING REPORT_5-31-23.pdf,ad2f2ed84b7f6cf15dec398349fe7a26e89d342b39393f727d02e307c33fe99f,sha256,175203,1,,2026-09-26T16:04:00Z,CC-BY-4.0,PUBLIC_REAL
UTAH-FORGE-FRONTIER-16-16B-78-32-DAILY-MORNING-REPORT-5--2e23a1,FORGE16B7832-01,DDR,Utah Forge_Frontier 16_ 16B(78)- 32 DAILY MORNING REPORT_5-9-23.pdf,Utah FORGE 16B(78)-32 (DOE GeoDataStore / GDR),https://gdr.openei.org/files/1516/16B%20Daily%20Reports.zip,data/interim/forge16b_78_32/16B Daily Reports/Utah Forge_Frontier 16_ 16B(78)- 32 DAILY MORNING REPORT_5-9-23.pdf,3ed2eceb77a882475106da3c129598522aec8ed8d320fa901b34789d443d6ee2,sha256,178822,1,,2026-09-26T16:04:00Z,CC-BY-4.0,PUBLIC_REAL
UTAH-FORGE-FRONTIER-16-16B-78-32-DAILY-MORNING-REPORT-6-,FORGE16B7832-01,DDR,Utah Forge_Frontier 16_ 16B(78)- 32 DAILY MORNING REPORT_6-01-23.pdf,Utah FORGE 16B(78)-32 (DOE GeoDataStore / GDR),https://gdr.openei.org/files/1516/16B%20Daily%20Reports.zip,data/interim/forge16b_78_32/16B Daily Reports/Utah Forge_Frontier 16_ 16B(78)- 32 DAILY MORNING REPORT_6-01-23.pdf,62f144001d672fea51eda8a29ca112a98476fd95c0ea08ae626b0885fa5e43c1,sha256,170332,1,,2026-09-26T16:04:00Z,CC-BY-4.0,PUBLIC_REAL
UTAH-FORGE-FRONTIER-16-16B-78-32-DAILY-MORNING-REPORT-6--f749f9,FORGE16B7832-01,DDR,Utah Forge_Frontier 16_ 16B(78)- 32 DAILY MORNING REPORT_6-02-23.pdf,Utah FORGE 16B(78)-32 (DOE GeoDataStore / GDR),https://gdr.openei.org/files/1516/16B%20Daily%20Reports.zip,data/interim/forge16b_78_32/16B Daily Reports/Utah Forge_Frontier 16_ 16B(78)- 32 DAILY MORNING REPORT_6-02-23.pdf,61b49229e8430e8b120bbec9ddf7dfb9272339e0b13190b7c33e0916ebc430ca,sha256,176293,1,,2026-09-26T16:04:00Z,CC-BY-4.0,PUBLIC_REAL
UTAH-FORGE-FRONTIER-16-16B-78-32-DAILY-MORNING-REPORT-6--016e5b,FORGE16B7832-01,DDR,Utah Forge_Frontier 16_ 16B(78)- 32 DAILY MORNING REPORT_6-03-23.pdf,Utah FORGE 16B(78)-32 (DOE GeoDataStore / GDR),https://gdr.openei.org/files/1516/16B%20Daily%20Reports.zip,data/interim/forge16b_78_32/16B Daily Reports/Utah Forge_Frontier 16_ 16B(78)- 32 DAILY MORNING REPORT_6-03-23.pdf,3a9f680d00bf22a632cc8aec19208d530b60d04d143dc597b1807f5bfb48ab01,sha256,175715,1,,2026-09-26T16:04:00Z,CC-BY-4.0,PUBLIC_REAL
UTAH-FORGE-FRONTIER-16-16B-78-32-DAILY-MORNING-REPORT-6--98ceb4,FORGE16B7832-01,DDR,Utah Forge_Frontier 16_ 16B(78)- 32 DAILY MORNING REPORT_6-04-23.pdf,Utah FORGE 16B(78)-32 (DOE GeoDataStore / GDR),https://gdr.openei.org/files/1516/16B%20Daily%20Reports.zip,data/interim/forge16b_78_32/16B Daily Reports/Utah Forge_Frontier 16_ 16B(78)- 32 DAILY MORNING REPORT_6-04-23.pdf,d6d34132d167f822ceef3079e001cbbdc248e7c6a18f5dd1bc593b3224670eda,sha256,174753,1,,2026-09-26T16:04:00Z,CC-BY-4.0,PUBLIC_REAL
UTAH-FORGE-FRONTIER-16-16B-78-32-DAILY-MORNING-REPORT-6--aa5821,FORGE16B7832-01,DDR,Utah Forge_Frontier 16_ 16B(78)- 32 DAILY MORNING REPORT_6-05-23.pdf,Utah FORGE 16B(78)-32 (DOE GeoDataStore / GDR),https://gdr.openei.org/files/1516/16B%20Daily%20Reports.zip,data/interim/forge16b_78_32/16B Daily Reports/Utah Forge_Frontier 16_ 16B(78)- 32 DAILY MORNING REPORT_6-05-23.pdf,b154bb214e3104e36ac54f47867ba6052df3ea839d72622dcac926aedd333c7b,sha256,169480,1,,2026-09-26T16:04:00Z,CC-BY-4.0,PUBLIC_REAL
UTAH-FORGE-FRONTIER-16-16B-78-32-DAILY-MORNING-REPORT-6--fb7628,FORGE16B7832-01,DDR,Utah Forge_Frontier 16_ 16B(78)- 32 DAILY MORNING REPORT_6-06-23.pdf,Utah FORGE 16B(78)-32 (DOE GeoDataStore / GDR),https://gdr.openei.org/files/1516/16B%20Daily%20Reports.zip,data/interim/forge16b_78_32/16B Daily Reports/Utah Forge_Frontier 16_ 16B(78)- 32 DAILY MORNING REPORT_6-06-23.pdf,72fb8c0260a48a20a390209350c4bcee2604e0b69930b4074803b27c0bc29e31,sha256,175119,1,,2026-09-26T16:04:00Z,CC-BY-4.0,PUBLIC_REAL
UTAH-FORGE-FRONTIER-16-16B-78-32-DAILY-MORNING-REPORT-6--f3d399,FORGE16B7832-01,DDR,Utah Forge_Frontier 16_ 16B(78)- 32 DAILY MORNING REPORT_6-07-23.pdf,Utah FORGE 16B(78)-32 (DOE GeoDataStore / GDR),https://gdr.openei.org/files/1516/16B%20Daily%20Reports.zip,data/interim/forge16b_78_32/16B Daily Reports/Utah Forge_Frontier 16_ 16B(78)- 32 DAILY MORNING REPORT_6-07-23.pdf,b8600d6858b4c437908ded2d524bceeed23be9a7253c6f5b9d5348cde4f85ee4,sha256,174990,1,,2026-09-26T16:04:00Z,CC-BY-4.0,PUBLIC_REAL
UTAH-FORGE-FRONTIER-16-16B-78-32-DAILY-MORNING-REPORT-6--12c7dc,FORGE16B7832-01,DDR,Utah Forge_Frontier 16_ 16B(78)- 32 DAILY MORNING REPORT_6-08-23.pdf,Utah FORGE 16B(78)-32 (DOE GeoDataStore / GDR),https://gdr.openei.org/files/1516/16B%20Daily%20Reports.zip,data/interim/forge16b_78_32/16B Daily Reports/Utah Forge_Frontier 16_ 16B(78)- 32 DAILY MORNING REPORT_6-08-23.pdf,265a3d987b460fbe43829db1a53780083f3df15184b8707d18ecce19067e3cd2,sha256,174451,1,,2026-09-26T16:04:00Z,CC-BY-4.0,PUBLIC_REAL
UTAH-FORGE-FRONTIER-16-16B-78-32-DAILY-MORNING-REPORT-6--6405be,FORGE16B7832-01,DDR,Utah Forge_Frontier 16_ 16B(78)- 32 DAILY MORNING REPORT_6-10-23.pdf,Utah FORGE 16B(78)-32 (DOE GeoDataStore / GDR),https://gdr.openei.org/files/1516/16B%20Daily%20Reports.zip,data/interim/forge16b_78_32/16B Daily Reports/Utah Forge_Frontier 16_ 16B(78)- 32 DAILY MORNING REPORT_6-10-23.pdf,a7d3e0e20789b2b7900f338209a51a87cd07b3ca5cc46c1c73912cfeedf11cc7,sha256,175373,1,,2026-09-26T16:04:00Z,CC-BY-4.0,PUBLIC_REAL
UTAH-FORGE-FRONTIER-16-16B-78-32-DAILY-MORNING-REPORT-6--e40b30,FORGE16B7832-01,DDR,Utah Forge_Frontier 16_ 16B(78)- 32 DAILY MORNING REPORT_6-11-23.pdf,Utah FORGE 16B(78)-32 (DOE GeoDataStore / GDR),https://gdr.openei.org/files/1516/16B%20Daily%20Reports.zip,data/interim/forge16b_78_32/16B Daily Reports/Utah Forge_Frontier 16_ 16B(78)- 32 DAILY MORNING REPORT_6-11-23.pdf,e72abb0e8e7bd6abd7fd611b1193ac2435712d326086bbf8ca9f1a3046bf645f,sha256,174844,1,,2026-09-26T16:04:00Z,CC-BY-4.0,PUBLIC_REAL
UTAH-FORGE-FRONTIER-16-16B-78-32-DAILY-MORNING-REPORT-6--97e571,FORGE16B7832-01,DDR,Utah Forge_Frontier 16_ 16B(78)- 32 DAILY MORNING REPORT_6-12-23.pdf,Utah FORGE 16B(78)-32 (DOE GeoDataStore / GDR),https://gdr.openei.org/files/1516/16B%20Daily%20Reports.zip,data/interim/forge16b_78_32/16B Daily Reports/Utah Forge_Frontier 16_ 16B(78)- 32 DAILY MORNING REPORT_6-12-23.pdf,48ec37b795a8d389504b75a79f80e6963b5f02427632daa4a8f2ef5c27ef3444,sha256,175522,1,,2026-09-26T16:04:00Z,CC-BY-4.0,PUBLIC_REAL
UTAH-FORGE-FRONTIER-16-16B-78-32-DAILY-MORNING-REPORT-6--156afb,FORGE16B7832-01,DDR,Utah Forge_Frontier 16_ 16B(78)- 32 DAILY MORNING REPORT_6-13-23.pdf,Utah FORGE 16B(78)-32 (DOE GeoDataStore / GDR),https://gdr.openei.org/files/1516/16B%20Daily%20Reports.zip,data/interim/forge16b_78_32/16B Daily Reports/Utah Forge_Frontier 16_ 16B(78)- 32 DAILY MORNING REPORT_6-13-23.pdf,538805a8d07f3a58d0d08dc7b7f5b60db59d76720132bba5d0e7707eb073866f,sha256,174918,1,,2026-09-26T16:04:00Z,CC-BY-4.0,PUBLIC_REAL
UTAH-FORGE-FRONTIER-16-16B-78-32-DAILY-MORNING-REPORT-6--333c37,FORGE16B7832-01,DDR,Utah Forge_Frontier 16_ 16B(78)- 32 DAILY MORNING REPORT_6-14-23.pdf,Utah FORGE 16B(78)-32 (DOE GeoDataStore / GDR),https://gdr.openei.org/files/1516/16B%20Daily%20Reports.zip,data/interim/forge16b_78_32/16B Daily Reports/Utah Forge_Frontier 16_ 16B(78)- 32 DAILY MORNING REPORT_6-14-23.pdf,1607c2c4703cc5f91e3193b840357dee76170d7db760952da806b4ff83cfb9b1,sha256,171856,1,,2026-09-26T16:04:00Z,CC-BY-4.0,PUBLIC_REAL
UTAH-FORGE-FRONTIER-16-16B-78-32-DAILY-MORNING-REPORT-6--dabaee,FORGE16B7832-01,DDR,Utah Forge_Frontier 16_ 16B(78)- 32 DAILY MORNING REPORT_6-15-23.pdf,Utah FORGE 16B(78)-32 (DOE GeoDataStore / GDR),https://gdr.openei.org/files/1516/16B%20Daily%20Reports.zip,data/interim/forge16b_78_32/16B Daily Reports/Utah Forge_Frontier 16_ 16B(78)- 32 DAILY MORNING REPORT_6-15-23.pdf,64ad3c477397d7ff6ca9fb1ccae4d8c4e9df857b688c96d3cc73b5c64ed075f4,sha256,177186,1,,2026-09-26T16:04:00Z,CC-BY-4.0,PUBLIC_REAL
UTAH-FORGE-FRONTIER-16-16B-78-32-DAILY-MORNING-REPORT-6--358cf3,FORGE16B7832-01,DDR,Utah Forge_Frontier 16_ 16B(78)- 32 DAILY MORNING REPORT_6-16-23.pdf,Utah FORGE 16B(78)-32 (DOE GeoDataStore / GDR),https://gdr.openei.org/files/1516/16B%20Daily%20Reports.zip,data/interim/forge16b_78_32/16B Daily Reports/Utah Forge_Frontier 16_ 16B(78)- 32 DAILY MORNING REPORT_6-16-23.pdf,02b58284db23882940fceb8f9f6ca6675d22ba8af0606f6dc555f8d18fd28aa6,sha256,176464,1,,2026-09-26T16:04:00Z,CC-BY-4.0,PUBLIC_REAL
UTAH-FORGE-FRONTIER-16-16B-78-32-DAILY-MORNING-REPORT-6--cc22ef,FORGE16B7832-01,DDR,Utah Forge_Frontier 16_ 16B(78)- 32 DAILY MORNING REPORT_6-17-23.pdf,Utah FORGE 16B(78)-32 (DOE GeoDataStore / GDR),https://gdr.openei.org/files/1516/16B%20Daily%20Reports.zip,data/interim/forge16b_78_32/16B Daily Reports/Utah Forge_Frontier 16_ 16B(78)- 32 DAILY MORNING REPORT_6-17-23.pdf,65fa5eb7b62cc399b5974a96879449ab7339b3f98299c7f1038198fdf660bd08,sha256,171806,1,,2026-09-26T16:04:00Z,CC-BY-4.0,PUBLIC_REAL
UTAH-FORGE-FRONTIER-16-16B-78-32-DAILY-MORNING-REPORT-6--e69854,FORGE16B7832-01,DDR,Utah Forge_Frontier 16_ 16B(78)- 32 DAILY MORNING REPORT_6-18-23.pdf,Utah FORGE 16B(78)-32 (DOE GeoDataStore / GDR),https://gdr.openei.org/files/1516/16B%20Daily%20Reports.zip,data/interim/forge16b_78_32/16B Daily Reports/Utah Forge_Frontier 16_ 16B(78)- 32 DAILY MORNING REPORT_6-18-23.pdf,9cacf26eee69696704cd9eaaea7d2ca39115c25b6cf5e8b963d87835792c12f9,sha256,174321,1,,2026-09-26T16:04:00Z,CC-BY-4.0,PUBLIC_REAL
UTAH-FORGE-FRONTIER-16-16B-78-32-DAILY-MORNING-REPORT-6--6d43fe,FORGE16B7832-01,DDR,Utah Forge_Frontier 16_ 16B(78)- 32 DAILY MORNING REPORT_6-21-23.pdf,Utah FORGE 16B(78)-32 (DOE GeoDataStore / GDR),https://gdr.openei.org/files/1516/16B%20Daily%20Reports.zip,data/interim/forge16b_78_32/16B Daily Reports/Utah Forge_Frontier 16_ 16B(78)- 32 DAILY MORNING REPORT_6-21-23.pdf,b75dfab5f3094c8880a086697cbba0fe2234f511280f52fa4197f282f66c7c66,sha256,61865,1,,2026-09-26T16:04:00Z,CC-BY-4.0,PUBLIC_REAL
UTAH-FORGE-FRONTIER-16-16B-78-32-DAILY-MORNING-REPORT-6--7d2e9d,FORGE16B7832-01,DDR,Utah Forge_Frontier 16_ 16B(78)- 32 DAILY MORNING REPORT_6-22-23.pdf,Utah FORGE 16B(78)-32 (DOE GeoDataStore / GDR),https://gdr.openei.org/files/1516/16B%20Daily%20Reports.zip,data/interim/forge16b_78_32/16B Daily Reports/Utah Forge_Frontier 16_ 16B(78)- 32 DAILY MORNING REPORT_6-22-23.pdf,b4ace5d6fe117fe212f2e089de55ea0a1f6ec7dfccfbd67b8c473216f5c0cbe7,sha256,171172,1,,2026-09-26T16:04:00Z,CC-BY-4.0,PUBLIC_REAL
UTAH-FORGE-FRONTIER-16-16B-78-32-DAILY-MORNING-REPORT-6--d6b65d,FORGE16B7832-01,DDR,Utah Forge_Frontier 16_ 16B(78)- 32 DAILY MORNING REPORT_6-23-23.pdf,Utah FORGE 16B(78)-32 (DOE GeoDataStore / GDR),https://gdr.openei.org/files/1516/16B%20Daily%20Reports.zip,data/interim/forge16b_78_32/16B Daily Reports/Utah Forge_Frontier 16_ 16B(78)- 32 DAILY MORNING REPORT_6-23-23.pdf,5c0b714e1e52aeb6b6705d5f3293700e5eef70ddf8686f8b135f34b1938fb7b1,sha256,61925,1,,2026-09-26T16:04:00Z,CC-BY-4.0,PUBLIC_REAL
UTAH-FORGE-FRONTIER-16-16B-78-32-DAILY-MORNING-REPORT-6--914e5d,FORGE16B7832-01,DDR,Utah Forge_Frontier 16_ 16B(78)- 32 DAILY MORNING REPORT_6-24-23.pdf,Utah FORGE 16B(78)-32 (DOE GeoDataStore / GDR),https://gdr.openei.org/files/1516/16B%20Daily%20Reports.zip,data/interim/forge16b_78_32/16B Daily Reports/Utah Forge_Frontier 16_ 16B(78)- 32 DAILY MORNING REPORT_6-24-23.pdf,17b55af0a8e69828eb2bfd6d82f8bc7148b831f3eb069b564207e03db7656bb3,sha256,62688,1,,2026-09-26T16:04:00Z,CC-BY-4.0,PUBLIC_REAL
UTAH-FORGE-FRONTIER-16-16B-78-32-DAILY-MORNING-REPORT-6--871e68,FORGE16B7832-01,DDR,Utah Forge_Frontier 16_ 16B(78)- 32 DAILY MORNING REPORT_6-25-23.pdf,Utah FORGE 16B(78)-32 (DOE GeoDataStore / GDR),https://gdr.openei.org/files/1516/16B%20Daily%20Reports.zip,data/interim/forge16b_78_32/16B Daily Reports/Utah Forge_Frontier 16_ 16B(78)- 32 DAILY MORNING REPORT_6-25-23.pdf,7070e03d39583ef886cced670609eb603d411b7d9a2d20681cd9fd753ac8c3ea,sha256,61957,1,,2026-09-26T16:04:00Z,CC-BY-4.0,PUBLIC_REAL
UTAH-FORGE-FRONTIER-16-16B-78-32-DAILY-MORNING-REPORT-6--ec3b71,FORGE16B7832-01,DDR,Utah Forge_Frontier 16_ 16B(78)- 32 DAILY MORNING REPORT_6-27-23.pdf,Utah FORGE 16B(78)-32 (DOE GeoDataStore / GDR),https://gdr.openei.org/files/1516/16B%20Daily%20Reports.zip,data/interim/forge16b_78_32/16B Daily Reports/Utah Forge_Frontier 16_ 16B(78)- 32 DAILY MORNING REPORT_6-27-23.pdf,04283b9dc235f752b12dc132170f8fa1bd9e81984575cfc430321e481cc49653,sha256,61859,1,,2026-09-26T16:04:00Z,CC-BY-4.0,PUBLIC_REAL
UTAH-FORGE-FRONTIER-16-16B-78-32-DAILY-MORNING-REPORT-6--2ef51c,FORGE16B7832-01,DDR,Utah Forge_Frontier 16_ 16B(78)- 32 DAILY MORNING REPORT_6-29-23.pdf,Utah FORGE 16B(78)-32 (DOE GeoDataStore / GDR),https://gdr.openei.org/files/1516/16B%20Daily%20Reports.zip,data/interim/forge16b_78_32/16B Daily Reports/Utah Forge_Frontier 16_ 16B(78)- 32 DAILY MORNING REPORT_6-29-23.pdf,4dcce6f44341b657f470a1687aa0a661a73c095a69f9453389b00bbe9a708239,sha256,62701,1,,2026-09-26T16:04:00Z,CC-BY-4.0,PUBLIC_REAL
UTAH-FORGE-FRONTIER-16-16B-78-32-DAILY-MORNING-REPORT-6--eed3a9,FORGE16B7832-01,DDR,Utah Forge_Frontier 16_ 16B(78)- 32 DAILY MORNING REPORT_6-30-23.pdf,Utah FORGE 16B(78)-32 (DOE GeoDataStore / GDR),https://gdr.openei.org/files/1516/16B%20Daily%20Reports.zip,data/interim/forge16b_78_32/16B Daily Reports/Utah Forge_Frontier 16_ 16B(78)- 32 DAILY MORNING REPORT_6-30-23.pdf,47200c1a644a62428a5ecfeded0bb1e7ce0d448de00e3fbec7bd863fa43b9dfb,sha256,62606,1,,2026-09-26T16:04:00Z,CC-BY-4.0,PUBLIC_REAL
UTAH-FORGE-FRONTIER-16-16B-78-32-DAILY-MORNING-REPORT-7-,FORGE16B7832-01,DDR,Utah Forge_Frontier 16_ 16B(78)- 32 DAILY MORNING REPORT_7-10-23.pdf,Utah FORGE 16B(78)-32 (DOE GeoDataStore / GDR),https://gdr.openei.org/files/1516/16B%20Daily%20Reports.zip,data/interim/forge16b_78_32/16B Daily Reports/Utah Forge_Frontier 16_ 16B(78)- 32 DAILY MORNING REPORT_7-10-23.pdf,a2d902d55dbfaff9e2fa8c0ee2261b1b674615b25d1f11a3a18050b34134293b,sha256,64064,1,,2026-09-26T16:04:00Z,CC-BY-4.0,PUBLIC_REAL
UTAH-FORGE-FRONTIER-16-16B-78-32-DAILY-MORNING-REPORT-7--faff30,FORGE16B7832-01,DDR,Utah Forge_Frontier 16_ 16B(78)- 32 DAILY MORNING REPORT_7-11-23.pdf,Utah FORGE 16B(78)-32 (DOE GeoDataStore / GDR),https://gdr.openei.org/files/1516/16B%20Daily%20Reports.zip,data/interim/forge16b_78_32/16B Daily Reports/Utah Forge_Frontier 16_ 16B(78)- 32 DAILY MORNING REPORT_7-11-23.pdf,0635b11725005e2e687de016fd5ed2a93df805e7b36f66cdbf1b008dd9a61b26,sha256,63606,1,,2026-09-26T16:04:00Z,CC-BY-4.0,PUBLIC_REAL
UTAH-FORGE-FRONTIER-16-16B-78-32-DAILY-MORNING-REPORT-7--a8ef8b,FORGE16B7832-01,DDR,Utah Forge_Frontier 16_ 16B(78)- 32 DAILY MORNING REPORT_7-12-23.pdf,Utah FORGE 16B(78)-32 (DOE GeoDataStore / GDR),https://gdr.openei.org/files/1516/16B%20Daily%20Reports.zip,data/interim/forge16b_78_32/16B Daily Reports/Utah Forge_Frontier 16_ 16B(78)- 32 DAILY MORNING REPORT_7-12-23.pdf,1152cd2848a55047d851907af0adebe8f55b4886d17305f12074cf7e0f0d5fcb,sha256,63984,1,,2026-09-26T16:04:00Z,CC-BY-4.0,PUBLIC_REAL
UTAH-FORGE-FRONTIER-16-16B-78-32-DAILY-MORNING-REPORT-7--b57f47,FORGE16B7832-01,DDR,Utah Forge_Frontier 16_ 16B(78)- 32 DAILY MORNING REPORT_7-13-23.pdf,Utah FORGE 16B(78)-32 (DOE GeoDataStore / GDR),https://gdr.openei.org/files/1516/16B%20Daily%20Reports.zip,data/interim/forge16b_78_32/16B Daily Reports/Utah Forge_Frontier 16_ 16B(78)- 32 DAILY MORNING REPORT_7-13-23.pdf,7016a02aabcc92e17da8a876a9929db45e4e2b5037b37fff8f304c54b4ff8d79,sha256,64122,1,,2026-09-26T16:04:00Z,CC-BY-4.0,PUBLIC_REAL
UTAH-FORGE-FRONTIER-16-16B-78-32-DAILY-MORNING-REPORT-7--bc27c1,FORGE16B7832-01,DDR,Utah Forge_Frontier 16_ 16B(78)- 32 DAILY MORNING REPORT_7-14-23.pdf,Utah FORGE 16B(78)-32 (DOE GeoDataStore / GDR),https://gdr.openei.org/files/1516/16B%20Daily%20Reports.zip,data/interim/forge16b_78_32/16B Daily Reports/Utah Forge_Frontier 16_ 16B(78)- 32 DAILY MORNING REPORT_7-14-23.pdf,e94689e1b91a496978f88c4f0ff794608d0ebf315728cdb3846e7086d13e2aae,sha256,63412,1,,2026-09-26T16:04:00Z,CC-BY-4.0,PUBLIC_REAL
UTAH-FORGE-FRONTIER-16-16B-78-32-DAILY-MORNING-REPORT-7--27b016,FORGE16B7832-01,DDR,Utah Forge_Frontier 16_ 16B(78)- 32 DAILY MORNING REPORT_7-16-23.pdf,Utah FORGE 16B(78)-32 (DOE GeoDataStore / GDR),https://gdr.openei.org/files/1516/16B%20Daily%20Reports.zip,data/interim/forge16b_78_32/16B Daily Reports/Utah Forge_Frontier 16_ 16B(78)- 32 DAILY MORNING REPORT_7-16-23.pdf,95c053eda6af1f5212cfcfa6735a4313df2fa8624a636aa40997f7f07b6150c3,sha256,64167,1,,2026-09-26T16:04:00Z,CC-BY-4.0,PUBLIC_REAL
UTAH-FORGE-FRONTIER-16-16B-78-32-DAILY-MORNING-REPORT-7--5a4d49,FORGE16B7832-01,DDR,Utah Forge_Frontier 16_ 16B(78)- 32 DAILY MORNING REPORT_7-17-23.pdf,Utah FORGE 16B(78)-32 (DOE GeoDataStore / GDR),https://gdr.openei.org/files/1516/16B%20Daily%20Reports.zip,data/interim/forge16b_78_32/16B Daily Reports/Utah Forge_Frontier 16_ 16B(78)- 32 DAILY MORNING REPORT_7-17-23.pdf,c23834d81b631893e1ad07459456cdfbda582a0eed1337ef287fa00ff3144257,sha256,63788,1,,2026-09-26T16:04:00Z,CC-BY-4.0,PUBLIC_REAL
UTAH-FORGE-FRONTIER-16-16B-78-32-DAILY-MORNING-REPORT-7--c1fb3f,FORGE16B7832-01,DDR,Utah Forge_Frontier 16_ 16B(78)- 32 DAILY MORNING REPORT_7-18-23.pdf,Utah FORGE 16B(78)-32 (DOE GeoDataStore / GDR),https://gdr.openei.org/files/1516/16B%20Daily%20Reports.zip,data/interim/forge16b_78_32/16B Daily Reports/Utah Forge_Frontier 16_ 16B(78)- 32 DAILY MORNING REPORT_7-18-23.pdf,92f7841d4a5c1d427276ce49ea600fedbc05891451dbede44b553d84a552a7b3,sha256,61516,1,,2026-09-26T16:04:00Z,CC-BY-4.0,PUBLIC_REAL
UTAH-FORGE-FRONTIER-16-16B-78-32-DAILY-MORNING-REPORT-7--0aff08,FORGE16B7832-01,DDR,Utah Forge_Frontier 16_ 16B(78)- 32 DAILY MORNING REPORT_7-2-23.pdf,Utah FORGE 16B(78)-32 (DOE GeoDataStore / GDR),https://gdr.openei.org/files/1516/16B%20Daily%20Reports.zip,data/interim/forge16b_78_32/16B Daily Reports/Utah Forge_Frontier 16_ 16B(78)- 32 DAILY MORNING REPORT_7-2-23.pdf,486f720260398a1c9217b86f76f11913ae1290d98e7545b6ac21cdb9dfbba000,sha256,63434,1,,2026-09-26T16:04:00Z,CC-BY-4.0,PUBLIC_REAL
UTAH-FORGE-FRONTIER-16-16B-78-32-DAILY-MORNING-REPORT-7--f240cb,FORGE16B7832-01,DDR,Utah Forge_Frontier 16_ 16B(78)- 32 DAILY MORNING REPORT_7-3-23.pdf,Utah FORGE 16B(78)-32 (DOE GeoDataStore / GDR),https://gdr.openei.org/files/1516/16B%20Daily%20Reports.zip,data/interim/forge16b_78_32/16B Daily Reports/Utah Forge_Frontier 16_ 16B(78)- 32 DAILY MORNING REPORT_7-3-23.pdf,6e27da29ae7cc8b888de8a0a39fc20fd7ad848e4a50230ff8fca0f8e5169d03e,sha256,62544,1,,2026-09-26T16:04:00Z,CC-BY-4.0,PUBLIC_REAL
UTAH-FORGE-FRONTIER-16-16B-78-32-DAILY-MORNING-REPORT-7--cd6998,FORGE16B7832-01,DDR,Utah Forge_Frontier 16_ 16B(78)- 32 DAILY MORNING REPORT_7-4-23.pdf,Utah FORGE 16B(78)-32 (DOE GeoDataStore / GDR),https://gdr.openei.org/files/1516/16B%20Daily%20Reports.zip,data/interim/forge16b_78_32/16B Daily Reports/Utah Forge_Frontier 16_ 16B(78)- 32 DAILY MORNING REPORT_7-4-23.pdf,fd6837c0ae023f0afe50c689bd01145b7b753354e93946ebc454546fa65da95d,sha256,63517,1,,2026-09-26T16:04:00Z,CC-BY-4.0,PUBLIC_REAL
UTAH-FORGE-FRONTIER-16-16B-78-32-DAILY-MORNING-REPORT-7--838c82,FORGE16B7832-01,DDR,Utah Forge_Frontier 16_ 16B(78)- 32 DAILY MORNING REPORT_7-6-23.pdf,Utah FORGE 16B(78)-32 (DOE GeoDataStore / GDR),https://gdr.openei.org/files/1516/16B%20Daily%20Reports.zip,data/interim/forge16b_78_32/16B Daily Reports/Utah Forge_Frontier 16_ 16B(78)- 32 DAILY MORNING REPORT_7-6-23.pdf,630991b3e90bdc0cd6963fc9aa6ce4aa13d08d83498ee1cd6b00668df06a8c2c,sha256,63417,1,,2026-09-26T16:04:00Z,CC-BY-4.0,PUBLIC_REAL
UTAH-FORGE-FRONTIER-16-16B-78-32-DAILY-MORNING-REPORT-7--45d20a,FORGE16B7832-01,DDR,Utah Forge_Frontier 16_ 16B(78)- 32 DAILY MORNING REPORT_7-7-23.pdf,Utah FORGE 16B(78)-32 (DOE GeoDataStore / GDR),https://gdr.openei.org/files/1516/16B%20Daily%20Reports.zip,data/interim/forge16b_78_32/16B Daily Reports/Utah Forge_Frontier 16_ 16B(78)- 32 DAILY MORNING REPORT_7-7-23.pdf,6876180ae34d4fe9e6b2a8122c84dea39950ab2298431aa4e8c44067a0a30d45,sha256,63758,1,,2026-09-26T16:04:00Z,CC-BY-4.0,PUBLIC_REAL
UTAH-FORGE-FRONTIER-16-16B-78-32-DAILY-MORNING-REPORT-7--22cfb9,FORGE16B7832-01,DDR,Utah Forge_Frontier 16_ 16B(78)- 32 DAILY MORNING REPORT_7-8-23.pdf,Utah FORGE 16B(78)-32 (DOE GeoDataStore / GDR),https://gdr.openei.org/files/1516/16B%20Daily%20Reports.zip,data/interim/forge16b_78_32/16B Daily Reports/Utah Forge_Frontier 16_ 16B(78)- 32 DAILY MORNING REPORT_7-8-23.pdf,53a49f291dddb4d41c9599d9c642839d6be919acd2afdfa081817b4165f1770d,sha256,63117,1,,2026-09-26T16:04:00Z,CC-BY-4.0,PUBLIC_REAL
UTAH-FORGE-FRONTIER-16-16B-78-32-DAILY-MORNING-REPORT-7--04242c,FORGE16B7832-01,DDR,Utah Forge_Frontier 16_ 16B(78)- 32 DAILY MORNING REPORT_7-9-23.pdf,Utah FORGE 16B(78)-32 (DOE GeoDataStore / GDR),https://gdr.openei.org/files/1516/16B%20Daily%20Reports.zip,data/interim/forge16b_78_32/16B Daily Reports/Utah Forge_Frontier 16_ 16B(78)- 32 DAILY MORNING REPORT_7-9-23.pdf,745422eacd7e50f92c7081b119b3877f60b65ff4c51db7bcaad5e0aee04fe67d,sha256,63724,1,,2026-09-26T16:04:00Z,CC-BY-4.0,PUBLIC_REAL
UTAH-FORGE-FRONTIER-16-16B78-32-DAILY-AFTERNOON-REPORT-6,FORGE16B7832-01,DDR,Utah Forge_Frontier 16_ 16B78- 32 DAILY AFTERNOON REPORT_6-18-23.pdf,Utah FORGE 16B(78)-32 (DOE GeoDataStore / GDR),https://gdr.openei.org/files/1516/16B%20Daily%20Reports.zip,data/interim/forge16b_78_32/16B Daily Reports/Utah Forge_Frontier 16_ 16B78- 32 DAILY AFTERNOON REPORT_6-18-23.pdf,3f5b027303f0353dd9e6dc429cbe8f24eac9e5ae7434dae3ea84c854b1ee0cc8,sha256,62355,1,,2026-09-26T16:04:00Z,CC-BY-4.0,PUBLIC_REAL
UTAH-FORGE-FRONTIER-16-16B-78-32-DAILY-AFTERNOON-REPORT--8e6ecf,FORGE16B7832-01,DDR,Utah Forge_Frontier 16_16B(78)- 32 DAILY AFTERNOON REPORT_5-11-23.pdf,Utah FORGE 16B(78)-32 (DOE GeoDataStore / GDR),https://gdr.openei.org/files/1516/16B%20Daily%20Reports.zip,data/interim/forge16b_78_32/16B Daily Reports/Utah Forge_Frontier 16_16B(78)- 32 DAILY AFTERNOON REPORT_5-11-23.pdf,e4c45d4b24247e84ea42cb48a0ce3330c38086121ca308754d6152174b1243c7,sha256,174725,1,,2026-09-26T16:04:00Z,CC-BY-4.0,PUBLIC_REAL
UTAH-FORGE-FRONTIER-16-16B-78-32-DAILY-AFTERNOON-REPORT--1bf4ea,FORGE16B7832-01,DDR,Utah Forge_Frontier 16_16B(78)- 32 DAILY AFTERNOON REPORT_5-12-23.pdf,Utah FORGE 16B(78)-32 (DOE GeoDataStore / GDR),https://gdr.openei.org/files/1516/16B%20Daily%20Reports.zip,data/interim/forge16b_78_32/16B Daily Reports/Utah Forge_Frontier 16_16B(78)- 32 DAILY AFTERNOON REPORT_5-12-23.pdf,42ad28b109da39dc7584fcec5f5fdc43cfe99c72745a5d673b6faadb8d875588,sha256,176160,1,,2026-09-26T16:04:00Z,CC-BY-4.0,PUBLIC_REAL
UTAH-FORGE-FRONTIER-16-16B-78-32-DAILY-AFTERNOON-REPORT--047937,FORGE16B7832-01,DDR,Utah Forge_Frontier 16_16B(78)- 32 DAILY AFTERNOON REPORT_5-13-23.pdf,Utah FORGE 16B(78)-32 (DOE GeoDataStore / GDR),https://gdr.openei.org/files/1516/16B%20Daily%20Reports.zip,data/interim/forge16b_78_32/16B Daily Reports/Utah Forge_Frontier 16_16B(78)- 32 DAILY AFTERNOON REPORT_5-13-23.pdf,cf00cde3240624b8d9be92113bc0d06530ed85eb8733d23ed489c17d95fa5252,sha256,64475,1,,2026-09-26T16:04:00Z,CC-BY-4.0,PUBLIC_REAL
UTAH-FORGE-FRONTIER-16-16B-78-32-DAILY-AFTERNOON-REPORT--86b90d,FORGE16B7832-01,DDR,Utah Forge_Frontier 16_16B(78)- 32 DAILY AFTERNOON REPORT_5-9-23.pdf,Utah FORGE 16B(78)-32 (DOE GeoDataStore / GDR),https://gdr.openei.org/files/1516/16B%20Daily%20Reports.zip,data/interim/forge16b_78_32/16B Daily Reports/Utah Forge_Frontier 16_16B(78)- 32 DAILY AFTERNOON REPORT_5-9-23.pdf,7d9e17ccd1ae9393dd746740e9305d5e9d078a2b2ddf5a8bc2a779618cbb20ef,sha256,176737,1,,2026-09-26T16:04:00Z,CC-BY-4.0,PUBLIC_REAL
UTAH-FORGE-FRONTIER-16-16B-78-32-DAILY-MORNING-REPORT-6--f3ff08,FORGE16B7832-01,ALT,Utah Forge_Frontier 16_ 16B(78)- 32 DAILY MORNING REPORT_6-26-23.xls,Utah FORGE 16B(78)-32 (DOE GeoDataStore / GDR),https://gdr.openei.org/files/1516/16B%20Mud%20Logs.zip,data/interim/forge16b_78_32/16B Daily Reports/Utah Forge_Frontier 16_ 16B(78)- 32 DAILY MORNING REPORT_6-26-23.xls,c96833ff4e834508d6184b9c137c1b39af60b8f338c5c6a43c5a9b1890eb8c17,sha256,91648,,,2026-09-26T16:04:00Z,CC-BY-4.0,PUBLIC_REAL
UTAH-FORGE-FRONTIER-16-16B-78-32-DAILY-MORNING-REPORT-6--aded6e,FORGE16B7832-01,ALT,Utah Forge_Frontier 16_ 16B(78)- 32 DAILY MORNING REPORT_6-28-23.xls,Utah FORGE 16B(78)-32 (DOE GeoDataStore / GDR),https://gdr.openei.org/files/1516/16B%20Mud%20Logs.zip,data/interim/forge16b_78_32/16B Daily Reports/Utah Forge_Frontier 16_ 16B(78)- 32 DAILY MORNING REPORT_6-28-23.xls,9280c0041e959d81a2e15e1a445b7907ebe42a55e3dbd42e1042e1818cdb6d49,sha256,91648,,,2026-09-26T16:04:00Z,CC-BY-4.0,PUBLIC_REAL
UTAH-FORGE-FRONTIER-16-16B-78-32-DAILY-MORNING-REPORT-7--5609f9,FORGE16B7832-01,ALT,Utah Forge_Frontier 16_ 16B(78)- 32 DAILY MORNING REPORT_7-21-23.xls,Utah FORGE 16B(78)-32 (DOE GeoDataStore / GDR),https://gdr.openei.org/files/1516/16B%20Mud%20Logs.zip,data/interim/forge16b_78_32/16B Daily Reports/Utah Forge_Frontier 16_ 16B(78)- 32 DAILY MORNING REPORT_7-21-23.xls,8cde2afa5344a10da3c486e2ed778d97cfb8285622f1c26f6f92b15dea871d3c,sha256,91648,,,2026-09-26T16:04:00Z,CC-BY-4.0,PUBLIC_REAL
UTAH-FORGE-FRONTIER-16-16B-78-32-DAILY-MORNING-REPORT-7--462650,FORGE16B7832-01,ALT,Utah Forge_Frontier 16_ 16B(78)- 32 DAILY MORNING REPORT_7-4-23.xls,Utah FORGE 16B(78)-32 (DOE GeoDataStore / GDR),https://gdr.openei.org/files/1516/16B%20Mud%20Logs.zip,data/interim/forge16b_78_32/16B Daily Reports/Utah Forge_Frontier 16_ 16B(78)- 32 DAILY MORNING REPORT_7-4-23.xls,02463ef8146e8aa82b4e25bb4fcc03d001228057173b82a1f65340d716e01a58,sha256,91648,,,2026-09-26T16:04:00Z,CC-BY-4.0,PUBLIC_REAL
