wellbore_id,md,tvd,tvdss,inclination,azimuth,northing,easting,dogleg_severity,build_rate,turn_rate,survey_time,vertical_section,depth_source,crs,epsg,original_depth_unit,conversion_rule,source,data_origin
FORGE16B7832-01,0,0,-1660.4437,0,0,13987765.96,1097907.09,0,,,2023-06-26T00:00:00,0,survey_station,Universal Transverse Mercator (US Survey Feet) / NAD83 Utah - HARN / Zone 12N (114 W to 108 W),,ft,ft*0.3048;dls*0.3 (v1.1.0),16B(78)-32 Final Survey Report.txt,PUBLIC_REAL
FORGE16B7832-01,7.62,7.62,-1652.8237,0.22,52.11,13987765.99,1097907.12,0.264,,,2023-06-26T00:00:00,0.0091,survey_station,Universal Transverse Mercator (US Survey Feet) / NAD83 Utah - HARN / Zone 12N (114 W to 108 W),,ft,ft*0.3048;dls*0.3 (v1.1.0),16B(78)-32 Final Survey Report.txt,PUBLIC_REAL
FORGE16B7832-01,15.24,15.24,-1645.2037,0.45,52.11,13987766.08,1097907.24,0.276,,,2023-06-26T00:00:00,0.0335,survey_station,Universal Transverse Mercator (US Survey Feet) / NAD83 Utah - HARN / Zone 12N (114 W to 108 W),,ft,ft*0.3048;dls*0.3 (v1.1.0),16B(78)-32 Final Survey Report.txt,PUBLIC_REAL
FORGE16B7832-01,22.86,22.86,-1637.5837,0.36,38.82,13987766.2,1097907.37,0.156,,,2023-06-26T00:00:00,0.061,survey_station,Universal Transverse Mercator (US Survey Feet) / NAD83 Utah - HARN / Zone 12N (114 W to 108 W),,ft,ft*0.3048;dls*0.3 (v1.1.0),16B(78)-32 Final Survey Report.txt,PUBLIC_REAL
FORGE16B7832-01,30.48,30.48,-1629.9637,0.14,58.33,13987766.28,1097907.44,0.279,,,2023-06-26T00:00:00,0.0762,survey_station,Universal Transverse Mercator (US Survey Feet) / NAD83 Utah - HARN / Zone 12N (114 W to 108 W),,ft,ft*0.3048;dls*0.3 (v1.1.0),16B(78)-32 Final Survey Report.txt,PUBLIC_REAL
FORGE16B7832-01,38.1,38.1,-1622.3437,0.54,131.51,13987766.22,1097907.56,0.621,,,2023-06-26T00:00:00,0.1158,survey_station,Universal Transverse Mercator (US Survey Feet) / NAD83 Utah - HARN / Zone 12N (114 W to 108 W),,ft,ft*0.3048;dls*0.3 (v1.1.0),16B(78)-32 Final Survey Report.txt,PUBLIC_REAL
FORGE16B7832-01,45.72,45.72,-1614.7237,0.64,102.12,13987766.11,1097907.78,0.378,,,2023-06-26T00:00:00,0.189,survey_station,Universal Transverse Mercator (US Survey Feet) / NAD83 Utah - HARN / Zone 12N (114 W to 108 W),,ft,ft*0.3048;dls*0.3 (v1.1.0),16B(78)-32 Final Survey Report.txt,PUBLIC_REAL
FORGE16B7832-01,53.34,53.34,-1607.1037,0.65,75.44,13987766.12,1097908.05,0.357,,,2023-06-26T00:00:00,0.2682,survey_station,Universal Transverse Mercator (US Survey Feet) / NAD83 Utah - HARN / Zone 12N (114 W to 108 W),,ft,ft*0.3048;dls*0.3 (v1.1.0),16B(78)-32 Final Survey Report.txt,PUBLIC_REAL
FORGE16B7832-01,60.96,60.957,-1599.4868,0.44,58.93,13987766.2,1097908.27,0.312,,,2023-06-26T00:00:00,0.3261,survey_station,Universal Transverse Mercator (US Survey Feet) / NAD83 Utah - HARN / Zone 12N (114 W to 108 W),,ft,ft*0.3048;dls*0.3 (v1.1.0),16B(78)-32 Final Survey Report.txt,PUBLIC_REAL
FORGE16B7832-01,68.58,68.577,-1591.8668,0.26,44.13,13987766.29,1097908.4,0.24,,,2023-06-26T00:00:00,0.3536,survey_station,Universal Transverse Mercator (US Survey Feet) / NAD83 Utah - HARN / Zone 12N (114 W to 108 W),,ft,ft*0.3048;dls*0.3 (v1.1.0),16B(78)-32 Final Survey Report.txt,PUBLIC_REAL
FORGE16B7832-01,76.2,76.197,-1584.2468,0.19,119.27,13987766.31,1097908.47,0.336,,,2023-06-26T00:00:00,0.3719,survey_station,Universal Transverse Mercator (US Survey Feet) / NAD83 Utah - HARN / Zone 12N (114 W to 108 W),,ft,ft*0.3048;dls*0.3 (v1.1.0),16B(78)-32 Final Survey Report.txt,PUBLIC_REAL
FORGE16B7832-01,83.82,83.817,-1576.6268,0.4,126.68,13987766.24,1097908.58,0.255,,,2023-06-26T00:00:00,0.4115,survey_station,Universal Transverse Mercator (US Survey Feet) / NAD83 Utah - HARN / Zone 12N (114 W to 108 W),,ft,ft*0.3048;dls*0.3 (v1.1.0),16B(78)-32 Final Survey Report.txt,PUBLIC_REAL
FORGE16B7832-01,91.44,91.437,-1569.0068,0.55,112.24,13987766.14,1097908.76,0.228,,,2023-06-26T00:00:00,0.4724,survey_station,Universal Transverse Mercator (US Survey Feet) / NAD83 Utah - HARN / Zone 12N (114 W to 108 W),,ft,ft*0.3048;dls*0.3 (v1.1.0),16B(78)-32 Final Survey Report.txt,PUBLIC_REAL
FORGE16B7832-01,99.06,99.057,-1561.3868,0.69,107.15,13987766.05,1097909.01,0.18,,,2023-06-26T00:00:00,0.5547,survey_station,Universal Transverse Mercator (US Survey Feet) / NAD83 Utah - HARN / Zone 12N (114 W to 108 W),,ft,ft*0.3048;dls*0.3 (v1.1.0),16B(78)-32 Final Survey Report.txt,PUBLIC_REAL
FORGE16B7832-01,106.68,106.677,-1553.7668,0.84,80.36,13987766.04,1097909.34,0.459,,,2023-06-26T00:00:00,0.6492,survey_station,Universal Transverse Mercator (US Survey Feet) / NAD83 Utah - HARN / Zone 12N (114 W to 108 W),,ft,ft*0.3048;dls*0.3 (v1.1.0),16B(78)-32 Final Survey Report.txt,PUBLIC_REAL
FORGE16B7832-01,114.3,114.297,-1546.1468,0.7,69.14,13987766.12,1097909.66,0.246,,,2023-06-26T00:00:00,0.7376,survey_station,Universal Transverse Mercator (US Survey Feet) / NAD83 Utah - HARN / Zone 12N (114 W to 108 W),,ft,ft*0.3048;dls*0.3 (v1.1.0),16B(78)-32 Final Survey Report.txt,PUBLIC_REAL
FORGE16B7832-01,121.92,121.917,-1538.5268,0.52,73.07,13987766.21,1097909.91,0.222,,,2023-06-26T00:00:00,0.8016,survey_station,Universal Transverse Mercator (US Survey Feet) / NAD83 Utah - HARN / Zone 12N (114 W to 108 W),,ft,ft*0.3048;dls*0.3 (v1.1.0),16B(78)-32 Final Survey Report.txt,PUBLIC_REAL
FORGE16B7832-01,129.54,129.5339,-1530.9098,0.42,91.96,13987766.24,1097910.11,0.219,,,2023-06-26T00:00:00,0.8595,survey_station,Universal Transverse Mercator (US Survey Feet) / NAD83 Utah - HARN / Zone 12N (114 W to 108 W),,ft,ft*0.3048;dls*0.3 (v1.1.0),16B(78)-32 Final Survey Report.txt,PUBLIC_REAL
FORGE16B7832-01,137.16,137.1539,-1523.2898,0.42,109.31,13987766.21,1097910.29,0.153,,,2023-06-26T00:00:00,0.9144,survey_station,Universal Transverse Mercator (US Survey Feet) / NAD83 Utah - HARN / Zone 12N (114 W to 108 W),,ft,ft*0.3048;dls*0.3 (v1.1.0),16B(78)-32 Final Survey Report.txt,PUBLIC_REAL
FORGE16B7832-01,144.78,144.7739,-1515.6698,0.59,117.89,13987766.12,1097910.49,0.222,,,2023-06-26T00:00:00,0.9784,survey_station,Universal Transverse Mercator (US Survey Feet) / NAD83 Utah - HARN / Zone 12N (114 W to 108 W),,ft,ft*0.3048;dls*0.3 (v1.1.0),16B(78)-32 Final Survey Report.txt,PUBLIC_REAL
FORGE16B7832-01,152.4,152.3939,-1508.0498,0.88,107.57,13987766,1097910.79,0.381,,,2023-06-26T00:00:00,1.0759,survey_station,Universal Transverse Mercator (US Survey Feet) / NAD83 Utah - HARN / Zone 12N (114 W to 108 W),,ft,ft*0.3048;dls*0.3 (v1.1.0),16B(78)-32 Final Survey Report.txt,PUBLIC_REAL
FORGE16B7832-01,160.02,160.0139,-1500.4298,1.07,89.12,13987765.94,1097911.2,0.438,,,2023-06-26T00:00:00,1.204,survey_station,Universal Transverse Mercator (US Survey Feet) / NAD83 Utah - HARN / Zone 12N (114 W to 108 W),,ft,ft*0.3048;dls*0.3 (v1.1.0),16B(78)-32 Final Survey Report.txt,PUBLIC_REAL
FORGE16B7832-01,167.64,167.6309,-1492.8129,1.1,80.69,13987765.99,1097911.67,0.195,,,2023-06-26T00:00:00,1.335,survey_station,Universal Transverse Mercator (US Survey Feet) / NAD83 Utah - HARN / Zone 12N (114 W to 108 W),,ft,ft*0.3048;dls*0.3 (v1.1.0),16B(78)-32 Final Survey Report.txt,PUBLIC_REAL
FORGE16B7832-01,175.26,175.2509,-1485.1929,0.92,68.2,13987766.1,1097912.1,0.339,,,2023-06-26T00:00:00,1.4508,survey_station,Universal Transverse Mercator (US Survey Feet) / NAD83 Utah - HARN / Zone 12N (114 W to 108 W),,ft,ft*0.3048;dls*0.3 (v1.1.0),16B(78)-32 Final Survey Report.txt,PUBLIC_REAL
FORGE16B7832-01,182.88,182.8709,-1477.5729,0.89,80.6,13987766.21,1097912.47,0.237,,,2023-06-26T00:00:00,1.5514,survey_station,Universal Transverse Mercator (US Survey Feet) / NAD83 Utah - HARN / Zone 12N (114 W to 108 W),,ft,ft*0.3048;dls*0.3 (v1.1.0),16B(78)-32 Final Survey Report.txt,PUBLIC_REAL
FORGE16B7832-01,190.5,190.4878,-1469.9559,0.88,85.61,13987766.25,1097912.86,0.093,,,2023-06-26T00:00:00,1.6581,survey_station,Universal Transverse Mercator (US Survey Feet) / NAD83 Utah - HARN / Zone 12N (114 W to 108 W),,ft,ft*0.3048;dls*0.3 (v1.1.0),16B(78)-32 Final Survey Report.txt,PUBLIC_REAL
FORGE16B7832-01,198.12,198.1078,-1462.3359,0.97,98.35,13987766.24,1097913.26,0.27,,,2023-06-26T00:00:00,1.777,survey_station,Universal Transverse Mercator (US Survey Feet) / NAD83 Utah - HARN / Zone 12N (114 W to 108 W),,ft,ft*0.3048;dls*0.3 (v1.1.0),16B(78)-32 Final Survey Report.txt,PUBLIC_REAL
FORGE16B7832-01,205.74,205.7248,-1454.719,1.48,95.91,13987766.17,1097913.79,0.615,,,2023-06-26T00:00:00,1.9355,survey_station,Universal Transverse Mercator (US Survey Feet) / NAD83 Utah - HARN / Zone 12N (114 W to 108 W),,ft,ft*0.3048;dls*0.3 (v1.1.0),16B(78)-32 Final Survey Report.txt,PUBLIC_REAL
FORGE16B7832-01,213.36,213.3417,-1447.102,1.59,84.67,13987766.17,1097914.46,0.384,,,2023-06-26T00:00:00,2.1306,survey_station,Universal Transverse Mercator (US Survey Feet) / NAD83 Utah - HARN / Zone 12N (114 W to 108 W),,ft,ft*0.3048;dls*0.3 (v1.1.0),16B(78)-32 Final Survey Report.txt,PUBLIC_REAL
FORGE16B7832-01,220.98,220.9617,-1439.482,1.44,79.09,13987766.26,1097915.11,0.252,,,2023-06-26T00:00:00,2.3134,survey_station,Universal Transverse Mercator (US Survey Feet) / NAD83 Utah - HARN / Zone 12N (114 W to 108 W),,ft,ft*0.3048;dls*0.3 (v1.1.0),16B(78)-32 Final Survey Report.txt,PUBLIC_REAL
FORGE16B7832-01,228.6,228.5787,-1431.8651,1.35,81.48,13987766.37,1097915.71,0.129,,,2023-06-26T00:00:00,2.4811,survey_station,Universal Transverse Mercator (US Survey Feet) / NAD83 Utah - HARN / Zone 12N (114 W to 108 W),,ft,ft*0.3048;dls*0.3 (v1.1.0),16B(78)-32 Final Survey Report.txt,PUBLIC_REAL
FORGE16B7832-01,236.22,236.1956,-1424.2481,1.37,85.13,13987766.44,1097916.3,0.108,,,2023-06-26T00:00:00,2.6457,survey_station,Universal Transverse Mercator (US Survey Feet) / NAD83 Utah - HARN / Zone 12N (114 W to 108 W),,ft,ft*0.3048;dls*0.3 (v1.1.0),16B(78)-32 Final Survey Report.txt,PUBLIC_REAL
FORGE16B7832-01,243.84,243.8156,-1416.6281,1.22,92.17,13987766.45,1097916.86,0.261,,,2023-06-26T00:00:00,2.8072,survey_station,Universal Transverse Mercator (US Survey Feet) / NAD83 Utah - HARN / Zone 12N (114 W to 108 W),,ft,ft*0.3048;dls*0.3 (v1.1.0),16B(78)-32 Final Survey Report.txt,PUBLIC_REAL
FORGE16B7832-01,251.46,251.4326,-1409.0112,1.37,97.63,13987766.4,1097917.42,0.234,,,2023-06-26T00:00:00,2.9779,survey_station,Universal Transverse Mercator (US Survey Feet) / NAD83 Utah - HARN / Zone 12N (114 W to 108 W),,ft,ft*0.3048;dls*0.3 (v1.1.0),16B(78)-32 Final Survey Report.txt,PUBLIC_REAL
FORGE16B7832-01,259.08,259.0495,-1401.3942,1.76,95.25,13987766.33,1097918.1,0.474,,,2023-06-26T00:00:00,3.1821,survey_station,Universal Transverse Mercator (US Survey Feet) / NAD83 Utah - HARN / Zone 12N (114 W to 108 W),,ft,ft*0.3048;dls*0.3 (v1.1.0),16B(78)-32 Final Survey Report.txt,PUBLIC_REAL
FORGE16B7832-01,266.7,266.6665,-1393.7772,1.78,87.92,13987766.31,1097918.87,0.273,,,2023-06-26T00:00:00,3.4077,survey_station,Universal Transverse Mercator (US Survey Feet) / NAD83 Utah - HARN / Zone 12N (114 W to 108 W),,ft,ft*0.3048;dls*0.3 (v1.1.0),16B(78)-32 Final Survey Report.txt,PUBLIC_REAL
FORGE16B7832-01,274.32,274.2804,-1386.1633,1.85,87.44,13987766.34,1097919.66,0.087,,,2023-06-26T00:00:00,3.6363,survey_station,Universal Transverse Mercator (US Survey Feet) / NAD83 Utah - HARN / Zone 12N (114 W to 108 W),,ft,ft*0.3048;dls*0.3 (v1.1.0),16B(78)-32 Final Survey Report.txt,PUBLIC_REAL
FORGE16B7832-01,281.94,281.8973,-1378.5464,1.76,80.97,13987766.42,1097920.45,0.267,,,2023-06-26T00:00:00,3.8557,survey_station,Universal Transverse Mercator (US Survey Feet) / NAD83 Utah - HARN / Zone 12N (114 W to 108 W),,ft,ft*0.3048;dls*0.3 (v1.1.0),16B(78)-32 Final Survey Report.txt,PUBLIC_REAL
FORGE16B7832-01,289.56,289.5143,-1370.9294,1.69,83.12,13987766.52,1097921.19,0.114,,,2023-06-26T00:00:00,4.066,survey_station,Universal Transverse Mercator (US Survey Feet) / NAD83 Utah - HARN / Zone 12N (114 W to 108 W),,ft,ft*0.3048;dls*0.3 (v1.1.0),16B(78)-32 Final Survey Report.txt,PUBLIC_REAL
FORGE16B7832-01,297.18,297.1312,-1363.3125,1.64,83.53,13987766.6,1097921.91,0.063,,,2023-06-26T00:00:00,4.2672,survey_station,Universal Transverse Mercator (US Survey Feet) / NAD83 Utah - HARN / Zone 12N (114 W to 108 W),,ft,ft*0.3048;dls*0.3 (v1.1.0),16B(78)-32 Final Survey Report.txt,PUBLIC_REAL
FORGE16B7832-01,304.8,304.7482,-1355.6955,1.68,86.08,13987766.67,1097922.63,0.102,,,2023-06-26T00:00:00,4.4714,survey_station,Universal Transverse Mercator (US Survey Feet) / NAD83 Utah - HARN / Zone 12N (114 W to 108 W),,ft,ft*0.3048;dls*0.3 (v1.1.0),16B(78)-32 Final Survey Report.txt,PUBLIC_REAL
FORGE16B7832-01,312.42,312.3651,-1348.0786,1.67,88.73,13987766.7,1097923.36,0.093,,,2023-06-26T00:00:00,4.6817,survey_station,Universal Transverse Mercator (US Survey Feet) / NAD83 Utah - HARN / Zone 12N (114 W to 108 W),,ft,ft*0.3048;dls*0.3 (v1.1.0),16B(78)-32 Final Survey Report.txt,PUBLIC_REAL
FORGE16B7832-01,320.04,319.9821,-1340.4616,1.85,93.72,13987766.69,1097924.13,0.282,,,2023-06-26T00:00:00,4.9073,survey_station,Universal Transverse Mercator (US Survey Feet) / NAD83 Utah - HARN / Zone 12N (114 W to 108 W),,ft,ft*0.3048;dls*0.3 (v1.1.0),16B(78)-32 Final Survey Report.txt,PUBLIC_REAL
FORGE16B7832-01,327.66,327.596,-1332.8477,2.24,91.88,13987766.64,1097925.02,0.474,,,2023-06-26T00:00:00,5.1725,survey_station,Universal Transverse Mercator (US Survey Feet) / NAD83 Utah - HARN / Zone 12N (114 W to 108 W),,ft,ft*0.3048;dls*0.3 (v1.1.0),16B(78)-32 Final Survey Report.txt,PUBLIC_REAL
FORGE16B7832-01,335.28,335.2099,-1325.2338,2.03,83.69,13987766.68,1097925.95,0.444,,,2023-06-26T00:00:00,5.4407,survey_station,Universal Transverse Mercator (US Survey Feet) / NAD83 Utah - HARN / Zone 12N (114 W to 108 W),,ft,ft*0.3048;dls*0.3 (v1.1.0),16B(78)-32 Final Survey Report.txt,PUBLIC_REAL
FORGE16B7832-01,342.9,342.8268,-1317.6169,1.79,83.37,13987766.77,1097926.78,0.288,,,2023-06-26T00:00:00,5.6723,survey_station,Universal Transverse Mercator (US Survey Feet) / NAD83 Utah - HARN / Zone 12N (114 W to 108 W),,ft,ft*0.3048;dls*0.3 (v1.1.0),16B(78)-32 Final Survey Report.txt,PUBLIC_REAL
FORGE16B7832-01,350.52,350.4438,-1309.9999,1.83,92.6,13987766.8,1097927.56,0.354,,,2023-06-26T00:00:00,5.9009,survey_station,Universal Transverse Mercator (US Survey Feet) / NAD83 Utah - HARN / Zone 12N (114 W to 108 W),,ft,ft*0.3048;dls*0.3 (v1.1.0),16B(78)-32 Final Survey Report.txt,PUBLIC_REAL
FORGE16B7832-01,358.14,358.0577,-1302.386,2.07,95.76,13987766.73,1097928.41,0.315,,,2023-06-26T00:00:00,6.1539,survey_station,Universal Transverse Mercator (US Survey Feet) / NAD83 Utah - HARN / Zone 12N (114 W to 108 W),,ft,ft*0.3048;dls*0.3 (v1.1.0),16B(78)-32 Final Survey Report.txt,PUBLIC_REAL
FORGE16B7832-01,365.76,365.6747,-1294.7691,1.83,93.18,13987766.67,1097929.26,0.306,,,2023-06-26T00:00:00,6.4069,survey_station,Universal Transverse Mercator (US Survey Feet) / NAD83 Utah - HARN / Zone 12N (114 W to 108 W),,ft,ft*0.3048;dls*0.3 (v1.1.0),16B(78)-32 Final Survey Report.txt,PUBLIC_REAL
FORGE16B7832-01,373.38,373.2916,-1287.1521,1.22,85.74,13987766.66,1097929.92,0.768,,,2023-06-26T00:00:00,6.5989,survey_station,Universal Transverse Mercator (US Survey Feet) / NAD83 Utah - HARN / Zone 12N (114 W to 108 W),,ft,ft*0.3048;dls*0.3 (v1.1.0),16B(78)-32 Final Survey Report.txt,PUBLIC_REAL
FORGE16B7832-01,381,380.9116,-1279.5321,0.57,87.6,13987766.69,1097930.31,0.78,,,2023-06-26T00:00:00,6.7117,survey_station,Universal Transverse Mercator (US Survey Feet) / NAD83 Utah - HARN / Zone 12N (114 W to 108 W),,ft,ft*0.3048;dls*0.3 (v1.1.0),16B(78)-32 Final Survey Report.txt,PUBLIC_REAL
FORGE16B7832-01,388.62,388.5316,-1271.9121,0.39,95.12,13987766.69,1097930.52,0.228,,,2023-06-26T00:00:00,6.7727,survey_station,Universal Transverse Mercator (US Survey Feet) / NAD83 Utah - HARN / Zone 12N (114 W to 108 W),,ft,ft*0.3048;dls*0.3 (v1.1.0),16B(78)-32 Final Survey Report.txt,PUBLIC_REAL
FORGE16B7832-01,396.24,396.1516,-1264.2921,0.23,87.94,13987766.68,1097930.66,0.198,,,2023-06-26T00:00:00,6.8123,survey_station,Universal Transverse Mercator (US Survey Feet) / NAD83 Utah - HARN / Zone 12N (114 W to 108 W),,ft,ft*0.3048;dls*0.3 (v1.1.0),16B(78)-32 Final Survey Report.txt,PUBLIC_REAL
FORGE16B7832-01,403.86,403.7716,-1256.6721,0.14,152.75,13987766.65,1097930.72,0.255,,,2023-06-26T00:00:00,6.8336,survey_station,Universal Transverse Mercator (US Survey Feet) / NAD83 Utah - HARN / Zone 12N (114 W to 108 W),,ft,ft*0.3048;dls*0.3 (v1.1.0),16B(78)-32 Final Survey Report.txt,PUBLIC_REAL
FORGE16B7832-01,411.48,411.3916,-1249.0521,0.33,127.31,13987766.58,1097930.79,0.255,,,2023-06-26T00:00:00,6.861,survey_station,Universal Transverse Mercator (US Survey Feet) / NAD83 Utah - HARN / Zone 12N (114 W to 108 W),,ft,ft*0.3048;dls*0.3 (v1.1.0),16B(78)-32 Final Survey Report.txt,PUBLIC_REAL
FORGE16B7832-01,419.1,419.0086,-1241.4352,0.46,106.77,13987766.51,1097930.95,0.228,,,2023-06-26T00:00:00,6.9129,survey_station,Universal Transverse Mercator (US Survey Feet) / NAD83 Utah - HARN / Zone 12N (114 W to 108 W),,ft,ft*0.3048;dls*0.3 (v1.1.0),16B(78)-32 Final Survey Report.txt,PUBLIC_REAL
FORGE16B7832-01,426.72,426.6286,-1233.8152,0.62,73.81,13987766.52,1097931.17,0.411,,,2023-06-26T00:00:00,6.9769,survey_station,Universal Transverse Mercator (US Survey Feet) / NAD83 Utah - HARN / Zone 12N (114 W to 108 W),,ft,ft*0.3048;dls*0.3 (v1.1.0),16B(78)-32 Final Survey Report.txt,PUBLIC_REAL
FORGE16B7832-01,434.34,434.2486,-1226.1952,0.52,59.26,13987766.62,1097931.4,0.21,,,2023-06-26T00:00:00,7.0348,survey_station,Universal Transverse Mercator (US Survey Feet) / NAD83 Utah - HARN / Zone 12N (114 W to 108 W),,ft,ft*0.3048;dls*0.3 (v1.1.0),16B(78)-32 Final Survey Report.txt,PUBLIC_REAL
FORGE16B7832-01,441.96,441.8686,-1218.5752,0.37,34.29,13987766.74,1097931.54,0.291,,,2023-06-26T00:00:00,7.0653,survey_station,Universal Transverse Mercator (US Survey Feet) / NAD83 Utah - HARN / Zone 12N (114 W to 108 W),,ft,ft*0.3048;dls*0.3 (v1.1.0),16B(78)-32 Final Survey Report.txt,PUBLIC_REAL
FORGE16B7832-01,449.58,449.4886,-1210.9552,0.15,331.37,13987766.84,1097931.57,0.396,,,2023-06-26T00:00:00,7.0653,survey_station,Universal Transverse Mercator (US Survey Feet) / NAD83 Utah - HARN / Zone 12N (114 W to 108 W),,ft,ft*0.3048;dls*0.3 (v1.1.0),16B(78)-32 Final Survey Report.txt,PUBLIC_REAL
FORGE16B7832-01,457.2,457.1086,-1203.3352,0.5,112.05,13987766.82,1097931.66,0.747,,,2023-06-26T00:00:00,7.0927,survey_station,Universal Transverse Mercator (US Survey Feet) / NAD83 Utah - HARN / Zone 12N (114 W to 108 W),,ft,ft*0.3048;dls*0.3 (v1.1.0),16B(78)-32 Final Survey Report.txt,PUBLIC_REAL
FORGE16B7832-01,464.82,464.7286,-1195.7152,0.54,64.38,13987766.83,1097931.87,0.507,,,2023-06-26T00:00:00,7.1506,survey_station,Universal Transverse Mercator (US Survey Feet) / NAD83 Utah - HARN / Zone 12N (114 W to 108 W),,ft,ft*0.3048;dls*0.3 (v1.1.0),16B(78)-32 Final Survey Report.txt,PUBLIC_REAL
FORGE16B7832-01,472.44,472.3486,-1188.0952,0.26,47.98,13987766.92,1097932.01,0.36,,,2023-06-26T00:00:00,7.1872,survey_station,Universal Transverse Mercator (US Survey Feet) / NAD83 Utah - HARN / Zone 12N (114 W to 108 W),,ft,ft*0.3048;dls*0.3 (v1.1.0),16B(78)-32 Final Survey Report.txt,PUBLIC_REAL
FORGE16B7832-01,480.06,479.9686,-1180.4752,0.26,124.6,13987766.93,1097932.1,0.387,,,2023-06-26T00:00:00,7.2116,survey_station,Universal Transverse Mercator (US Survey Feet) / NAD83 Utah - HARN / Zone 12N (114 W to 108 W),,ft,ft*0.3048;dls*0.3 (v1.1.0),16B(78)-32 Final Survey Report.txt,PUBLIC_REAL
FORGE16B7832-01,487.68,487.5886,-1172.8552,0.73,95.79,13987766.88,1097932.31,0.621,,,2023-06-26T00:00:00,7.2756,survey_station,Universal Transverse Mercator (US Survey Feet) / NAD83 Utah - HARN / Zone 12N (114 W to 108 W),,ft,ft*0.3048;dls*0.3 (v1.1.0),16B(78)-32 Final Survey Report.txt,PUBLIC_REAL
FORGE16B7832-01,495.3,495.2086,-1165.2352,0.6,74.68,13987766.9,1097932.59,0.33,,,2023-06-26T00:00:00,7.3579,survey_station,Universal Transverse Mercator (US Survey Feet) / NAD83 Utah - HARN / Zone 12N (114 W to 108 W),,ft,ft*0.3048;dls*0.3 (v1.1.0),16B(78)-32 Final Survey Report.txt,PUBLIC_REAL
FORGE16B7832-01,502.92,502.8286,-1157.6152,0.6,73.49,13987766.97,1097932.84,0.015,,,2023-06-26T00:00:00,7.4249,survey_station,Universal Transverse Mercator (US Survey Feet) / NAD83 Utah - HARN / Zone 12N (114 W to 108 W),,ft,ft*0.3048;dls*0.3 (v1.1.0),16B(78)-32 Final Survey Report.txt,PUBLIC_REAL
FORGE16B7832-01,510.54,510.4455,-1149.9982,0.44,80.68,13987767.02,1097933.06,0.207,,,2023-06-26T00:00:00,7.4859,survey_station,Universal Transverse Mercator (US Survey Feet) / NAD83 Utah - HARN / Zone 12N (114 W to 108 W),,ft,ft*0.3048;dls*0.3 (v1.1.0),16B(78)-32 Final Survey Report.txt,PUBLIC_REAL
FORGE16B7832-01,518.16,518.0655,-1142.3782,0.69,93.99,13987767.03,1097933.31,0.336,,,2023-06-26T00:00:00,7.556,survey_station,Universal Transverse Mercator (US Survey Feet) / NAD83 Utah - HARN / Zone 12N (114 W to 108 W),,ft,ft*0.3048;dls*0.3 (v1.1.0),16B(78)-32 Final Survey Report.txt,PUBLIC_REAL
FORGE16B7832-01,525.78,525.6855,-1134.7582,0.64,108.67,13987766.97,1097933.59,0.213,,,2023-06-26T00:00:00,7.6413,survey_station,Universal Transverse Mercator (US Survey Feet) / NAD83 Utah - HARN / Zone 12N (114 W to 108 W),,ft,ft*0.3048;dls*0.3 (v1.1.0),16B(78)-32 Final Survey Report.txt,PUBLIC_REAL
FORGE16B7832-01,533.4,533.3055,-1127.1382,1.15,119.45,13987766.8,1097933.94,0.642,,,2023-06-26T00:00:00,7.7602,survey_station,Universal Transverse Mercator (US Survey Feet) / NAD83 Utah - HARN / Zone 12N (114 W to 108 W),,ft,ft*0.3048;dls*0.3 (v1.1.0),16B(78)-32 Final Survey Report.txt,PUBLIC_REAL
FORGE16B7832-01,541.02,540.9225,-1119.5213,1.09,96.52,13987766.65,1097934.4,0.54,,,2023-06-26T00:00:00,7.9065,survey_station,Universal Transverse Mercator (US Survey Feet) / NAD83 Utah - HARN / Zone 12N (114 W to 108 W),,ft,ft*0.3048;dls*0.3 (v1.1.0),16B(78)-32 Final Survey Report.txt,PUBLIC_REAL
FORGE16B7832-01,548.64,548.5425,-1111.9013,0.81,114.26,13987766.55,1097934.79,0.483,,,2023-06-26T00:00:00,8.0315,survey_station,Universal Transverse Mercator (US Survey Feet) / NAD83 Utah - HARN / Zone 12N (114 W to 108 W),,ft,ft*0.3048;dls*0.3 (v1.1.0),16B(78)-32 Final Survey Report.txt,PUBLIC_REAL
FORGE16B7832-01,556.26,556.1625,-1104.2813,1.24,109.58,13987766.39,1097935.21,0.525,,,2023-06-26T00:00:00,8.1656,survey_station,Universal Transverse Mercator (US Survey Feet) / NAD83 Utah - HARN / Zone 12N (114 W to 108 W),,ft,ft*0.3048;dls*0.3 (v1.1.0),16B(78)-32 Final Survey Report.txt,PUBLIC_REAL
FORGE16B7832-01,563.88,563.7794,-1096.6643,0.81,118.64,13987766.22,1097935.62,0.549,,,2023-06-26T00:00:00,8.3028,survey_station,Universal Transverse Mercator (US Survey Feet) / NAD83 Utah - HARN / Zone 12N (114 W to 108 W),,ft,ft*0.3048;dls*0.3 (v1.1.0),16B(78)-32 Final Survey Report.txt,PUBLIC_REAL
FORGE16B7832-01,571.5,571.3994,-1089.0443,1.2,124.87,13987765.98,1097935.99,0.486,,,2023-06-26T00:00:00,8.4308,survey_station,Universal Transverse Mercator (US Survey Feet) / NAD83 Utah - HARN / Zone 12N (114 W to 108 W),,ft,ft*0.3048;dls*0.3 (v1.1.0),16B(78)-32 Final Survey Report.txt,PUBLIC_REAL
FORGE16B7832-01,579.12,579.0164,-1081.4274,1.08,128.11,13987765.69,1097936.39,0.162,,,2023-06-26T00:00:00,8.574,survey_station,Universal Transverse Mercator (US Survey Feet) / NAD83 Utah - HARN / Zone 12N (114 W to 108 W),,ft,ft*0.3048;dls*0.3 (v1.1.0),16B(78)-32 Final Survey Report.txt,PUBLIC_REAL
FORGE16B7832-01,586.74,586.6364,-1073.8074,0.97,142.35,13987765.37,1097936.71,0.333,,,2023-06-26T00:00:00,8.6929,survey_station,Universal Transverse Mercator (US Survey Feet) / NAD83 Utah - HARN / Zone 12N (114 W to 108 W),,ft,ft*0.3048;dls*0.3 (v1.1.0),16B(78)-32 Final Survey Report.txt,PUBLIC_REAL
FORGE16B7832-01,594.36,594.2564,-1066.1874,0.91,158.1,13987765.02,1097936.91,0.318,,,2023-06-26T00:00:00,8.7813,survey_station,Universal Transverse Mercator (US Survey Feet) / NAD83 Utah - HARN / Zone 12N (114 W to 108 W),,ft,ft*0.3048;dls*0.3 (v1.1.0),16B(78)-32 Final Survey Report.txt,PUBLIC_REAL
FORGE16B7832-01,601.98,601.8733,-1058.5704,0.81,187.42,13987764.66,1097936.96,0.534,,,2023-06-26T00:00:00,8.8301,survey_station,Universal Transverse Mercator (US Survey Feet) / NAD83 Utah - HARN / Zone 12N (114 W to 108 W),,ft,ft*0.3048;dls*0.3 (v1.1.0),16B(78)-32 Final Survey Report.txt,PUBLIC_REAL
FORGE16B7832-01,609.6,609.4933,-1050.9504,0.84,206.25,13987764.32,1097936.86,0.327,,,2023-06-26T00:00:00,8.8301,survey_station,Universal Transverse Mercator (US Survey Feet) / NAD83 Utah - HARN / Zone 12N (114 W to 108 W),,ft,ft*0.3048;dls*0.3 (v1.1.0),16B(78)-32 Final Survey Report.txt,PUBLIC_REAL
FORGE16B7832-01,617.22,617.1133,-1043.3304,0.88,192.96,13987763.97,1097936.73,0.243,,,2023-06-26T00:00:00,8.824,survey_station,Universal Transverse Mercator (US Survey Feet) / NAD83 Utah - HARN / Zone 12N (114 W to 108 W),,ft,ft*0.3048;dls*0.3 (v1.1.0),16B(78)-32 Final Survey Report.txt,PUBLIC_REAL
FORGE16B7832-01,624.84,624.7333,-1035.7104,0.71,238.52,13987763.7,1097936.56,0.762,,,2023-06-26T00:00:00,8.7965,survey_station,Universal Transverse Mercator (US Survey Feet) / NAD83 Utah - HARN / Zone 12N (114 W to 108 W),,ft,ft*0.3048;dls*0.3 (v1.1.0),16B(78)-32 Final Survey Report.txt,PUBLIC_REAL
FORGE16B7832-01,632.46,632.3503,-1028.0934,1.2,230.46,13987763.46,1097936.22,0.609,,,2023-06-26T00:00:00,8.7203,survey_station,Universal Transverse Mercator (US Survey Feet) / NAD83 Utah - HARN / Zone 12N (114 W to 108 W),,ft,ft*0.3048;dls*0.3 (v1.1.0),16B(78)-32 Final Survey Report.txt,PUBLIC_REAL
FORGE16B7832-01,640.08,639.9703,-1020.4734,1.15,213.31,13987763.08,1097935.88,0.426,,,2023-06-26T00:00:00,8.6563,survey_station,Universal Transverse Mercator (US Survey Feet) / NAD83 Utah - HARN / Zone 12N (114 W to 108 W),,ft,ft*0.3048;dls*0.3 (v1.1.0),16B(78)-32 Final Survey Report.txt,PUBLIC_REAL
FORGE16B7832-01,647.7,647.5872,-1012.8565,0.96,209.74,13987762.69,1097935.64,0.24,,,2023-06-26T00:00:00,8.6197,survey_station,Universal Transverse Mercator (US Survey Feet) / NAD83 Utah - HARN / Zone 12N (114 W to 108 W),,ft,ft*0.3048;dls*0.3 (v1.1.0),16B(78)-32 Final Survey Report.txt,PUBLIC_REAL
FORGE16B7832-01,655.32,655.2072,-1005.2365,0.65,229.8,13987762.41,1097935.43,0.498,,,2023-06-26T00:00:00,8.5801,survey_station,Universal Transverse Mercator (US Survey Feet) / NAD83 Utah - HARN / Zone 12N (114 W to 108 W),,ft,ft*0.3048;dls*0.3 (v1.1.0),16B(78)-32 Final Survey Report.txt,PUBLIC_REAL
FORGE16B7832-01,662.94,662.8272,-997.6165,0.97,219.1,13987762.16,1097935.19,0.423,,,2023-06-26T00:00:00,8.5344,survey_station,Universal Transverse Mercator (US Survey Feet) / NAD83 Utah - HARN / Zone 12N (114 W to 108 W),,ft,ft*0.3048;dls*0.3 (v1.1.0),16B(78)-32 Final Survey Report.txt,PUBLIC_REAL
FORGE16B7832-01,670.56,670.4472,-989.9965,0.76,207.02,13987761.85,1097934.98,0.333,,,2023-06-26T00:00:00,8.5009,survey_station,Universal Transverse Mercator (US Survey Feet) / NAD83 Utah - HARN / Zone 12N (114 W to 108 W),,ft,ft*0.3048;dls*0.3 (v1.1.0),16B(78)-32 Final Survey Report.txt,PUBLIC_REAL
FORGE16B7832-01,678.18,678.0642,-982.3795,0.71,199.97,13987761.55,1097934.85,0.123,,,2023-06-26T00:00:00,8.4887,survey_station,Universal Transverse Mercator (US Survey Feet) / NAD83 Utah - HARN / Zone 12N (114 W to 108 W),,ft,ft*0.3048;dls*0.3 (v1.1.0),16B(78)-32 Final Survey Report.txt,PUBLIC_REAL
FORGE16B7832-01,685.8,685.6842,-974.7595,0.84,180.93,13987761.23,1097934.79,0.345,,,2023-06-26T00:00:00,8.5009,survey_station,Universal Transverse Mercator (US Survey Feet) / NAD83 Utah - HARN / Zone 12N (114 W to 108 W),,ft,ft*0.3048;dls*0.3 (v1.1.0),16B(78)-32 Final Survey Report.txt,PUBLIC_REAL
FORGE16B7832-01,693.42,693.3042,-967.1395,0.87,204.99,13987760.87,1097934.71,0.429,,,2023-06-26T00:00:00,8.51,survey_station,Universal Transverse Mercator (US Survey Feet) / NAD83 Utah - HARN / Zone 12N (114 W to 108 W),,ft,ft*0.3048;dls*0.3 (v1.1.0),16B(78)-32 Final Survey Report.txt,PUBLIC_REAL
FORGE16B7832-01,701.04,700.9242,-959.5195,0.84,211.64,13987760.54,1097934.54,0.123,,,2023-06-26T00:00:00,8.4856,survey_station,Universal Transverse Mercator (US Survey Feet) / NAD83 Utah - HARN / Zone 12N (114 W to 108 W),,ft,ft*0.3048;dls*0.3 (v1.1.0),16B(78)-32 Final Survey Report.txt,PUBLIC_REAL
FORGE16B7832-01,708.66,708.5411,-951.9026,1.11,207.93,13987760.17,1097934.33,0.333,,,2023-06-26T00:00:00,8.4582,survey_station,Universal Transverse Mercator (US Survey Feet) / NAD83 Utah - HARN / Zone 12N (114 W to 108 W),,ft,ft*0.3048;dls*0.3 (v1.1.0),16B(78)-32 Final Survey Report.txt,PUBLIC_REAL
FORGE16B7832-01,716.28,716.1611,-944.2826,1.23,204.99,13987759.71,1097934.1,0.162,,,2023-06-26T00:00:00,8.4308,survey_station,Universal Transverse Mercator (US Survey Feet) / NAD83 Utah - HARN / Zone 12N (114 W to 108 W),,ft,ft*0.3048;dls*0.3 (v1.1.0),16B(78)-32 Final Survey Report.txt,PUBLIC_REAL
FORGE16B7832-01,723.9,723.7781,-936.6656,0.84,187.87,13987759.29,1097933.96,0.591,,,2023-06-26T00:00:00,8.4277,survey_station,Universal Transverse Mercator (US Survey Feet) / NAD83 Utah - HARN / Zone 12N (114 W to 108 W),,ft,ft*0.3048;dls*0.3 (v1.1.0),16B(78)-32 Final Survey Report.txt,PUBLIC_REAL
FORGE16B7832-01,731.52,731.3981,-929.0456,0.76,208.12,13987758.96,1097933.86,0.351,,,2023-06-26T00:00:00,8.4277,survey_station,Universal Transverse Mercator (US Survey Feet) / NAD83 Utah - HARN / Zone 12N (114 W to 108 W),,ft,ft*0.3048;dls*0.3 (v1.1.0),16B(78)-32 Final Survey Report.txt,PUBLIC_REAL
FORGE16B7832-01,739.14,739.0181,-921.4256,1.04,219.68,13987758.64,1097933.63,0.399,,,2023-06-26T00:00:00,8.3911,survey_station,Universal Transverse Mercator (US Survey Feet) / NAD83 Utah - HARN / Zone 12N (114 W to 108 W),,ft,ft*0.3048;dls*0.3 (v1.1.0),16B(78)-32 Final Survey Report.txt,PUBLIC_REAL
FORGE16B7832-01,746.76,746.635,-913.8087,1.21,210.79,13987758.24,1097933.35,0.291,,,2023-06-26T00:00:00,8.3454,survey_station,Universal Transverse Mercator (US Survey Feet) / NAD83 Utah - HARN / Zone 12N (114 W to 108 W),,ft,ft*0.3048;dls*0.3 (v1.1.0),16B(78)-32 Final Survey Report.txt,PUBLIC_REAL
FORGE16B7832-01,754.38,754.255,-906.1887,1.04,192.72,13987757.79,1097933.17,0.468,,,2023-06-26T00:00:00,8.3302,survey_station,Universal Transverse Mercator (US Survey Feet) / NAD83 Utah - HARN / Zone 12N (114 W to 108 W),,ft,ft*0.3048;dls*0.3 (v1.1.0),16B(78)-32 Final Survey Report.txt,PUBLIC_REAL
FORGE16B7832-01,762,761.872,-898.5717,1,208.44,13987757.38,1097933.02,0.339,,,2023-06-26T00:00:00,8.321,survey_station,Universal Transverse Mercator (US Survey Feet) / NAD83 Utah - HARN / Zone 12N (114 W to 108 W),,ft,ft*0.3048;dls*0.3 (v1.1.0),16B(78)-32 Final Survey Report.txt,PUBLIC_REAL
FORGE16B7832-01,769.62,769.492,-890.9517,1.09,187.83,13987756.95,1097932.88,0.462,,,2023-06-26T00:00:00,8.321,survey_station,Universal Transverse Mercator (US Survey Feet) / NAD83 Utah - HARN / Zone 12N (114 W to 108 W),,ft,ft*0.3048;dls*0.3 (v1.1.0),16B(78)-32 Final Survey Report.txt,PUBLIC_REAL
FORGE16B7832-01,777.24,777.112,-883.3317,0.76,213.73,13987756.58,1097932.75,0.63,,,2023-06-26T00:00:00,8.318,survey_station,Universal Transverse Mercator (US Survey Feet) / NAD83 Utah - HARN / Zone 12N (114 W to 108 W),,ft,ft*0.3048;dls*0.3 (v1.1.0),16B(78)-32 Final Survey Report.txt,PUBLIC_REAL
FORGE16B7832-01,784.86,784.7289,-875.7148,0.96,210.63,13987756.26,1097932.56,0.246,,,2023-06-26T00:00:00,8.2875,survey_station,Universal Transverse Mercator (US Survey Feet) / NAD83 Utah - HARN / Zone 12N (114 W to 108 W),,ft,ft*0.3048;dls*0.3 (v1.1.0),16B(78)-32 Final Survey Report.txt,PUBLIC_REAL
FORGE16B7832-01,792.48,792.3489,-868.0948,1.16,200.62,13987755.84,1097932.36,0.327,,,2023-06-26T00:00:00,8.2662,survey_station,Universal Transverse Mercator (US Survey Feet) / NAD83 Utah - HARN / Zone 12N (114 W to 108 W),,ft,ft*0.3048;dls*0.3 (v1.1.0),16B(78)-32 Final Survey Report.txt,PUBLIC_REAL
FORGE16B7832-01,800.1,799.9659,-860.4778,1.04,210.58,13987755.41,1097932.16,0.27,,,2023-06-26T00:00:00,8.2448,survey_station,Universal Transverse Mercator (US Survey Feet) / NAD83 Utah - HARN / Zone 12N (114 W to 108 W),,ft,ft*0.3048;dls*0.3 (v1.1.0),16B(78)-32 Final Survey Report.txt,PUBLIC_REAL
FORGE16B7832-01,807.72,807.5859,-852.8578,1.03,221.52,13987755.05,1097931.89,0.237,,,2023-06-26T00:00:00,8.1991,survey_station,Universal Transverse Mercator (US Survey Feet) / NAD83 Utah - HARN / Zone 12N (114 W to 108 W),,ft,ft*0.3048;dls*0.3 (v1.1.0),16B(78)-32 Final Survey Report.txt,PUBLIC_REAL
FORGE16B7832-01,815.34,815.2059,-845.2378,1.25,256.28,13987754.81,1097931.48,0.855,,,2023-06-26T00:00:00,8.0985,survey_station,Universal Transverse Mercator (US Survey Feet) / NAD83 Utah - HARN / Zone 12N (114 W to 108 W),,ft,ft*0.3048;dls*0.3 (v1.1.0),16B(78)-32 Final Survey Report.txt,PUBLIC_REAL
FORGE16B7832-01,822.96,822.8228,-837.6209,1.29,254.86,13987754.68,1097930.94,0.06,,,2023-06-26T00:00:00,7.9553,survey_station,Universal Transverse Mercator (US Survey Feet) / NAD83 Utah - HARN / Zone 12N (114 W to 108 W),,ft,ft*0.3048;dls*0.3 (v1.1.0),16B(78)-32 Final Survey Report.txt,PUBLIC_REAL
FORGE16B7832-01,830.58,830.4398,-830.0039,1.46,259.88,13987754.55,1097930.36,0.249,,,2023-06-26T00:00:00,7.7968,survey_station,Universal Transverse Mercator (US Survey Feet) / NAD83 Utah - HARN / Zone 12N (114 W to 108 W),,ft,ft*0.3048;dls*0.3 (v1.1.0),16B(78)-32 Final Survey Report.txt,PUBLIC_REAL
FORGE16B7832-01,838.2,838.0567,-822.387,1.44,253.95,13987754.4,1097929.74,0.183,,,2023-06-26T00:00:00,7.6291,survey_station,Universal Transverse Mercator (US Survey Feet) / NAD83 Utah - HARN / Zone 12N (114 W to 108 W),,ft,ft*0.3048;dls*0.3 (v1.1.0),16B(78)-32 Final Survey Report.txt,PUBLIC_REAL
FORGE16B7832-01,845.82,845.6767,-814.767,1.2,250.69,13987754.23,1097929.19,0.303,,,2023-06-26T00:00:00,7.4859,survey_station,Universal Transverse Mercator (US Survey Feet) / NAD83 Utah - HARN / Zone 12N (114 W to 108 W),,ft,ft*0.3048;dls*0.3 (v1.1.0),16B(78)-32 Final Survey Report.txt,PUBLIC_REAL
FORGE16B7832-01,853.44,853.2937,-807.15,0.9,255.68,13987754.1,1097928.75,0.375,,,2023-06-26T00:00:00,7.3701,survey_station,Universal Transverse Mercator (US Survey Feet) / NAD83 Utah - HARN / Zone 12N (114 W to 108 W),,ft,ft*0.3048;dls*0.3 (v1.1.0),16B(78)-32 Final Survey Report.txt,PUBLIC_REAL
FORGE16B7832-01,861.06,860.9137,-799.53,1.01,280.25,13987754.09,1097928.35,0.504,,,2023-06-26T00:00:00,7.2512,survey_station,Universal Transverse Mercator (US Survey Feet) / NAD83 Utah - HARN / Zone 12N (114 W to 108 W),,ft,ft*0.3048;dls*0.3 (v1.1.0),16B(78)-32 Final Survey Report.txt,PUBLIC_REAL
FORGE16B7832-01,868.68,868.5337,-791.91,1.03,284.67,13987754.18,1097927.91,0.096,,,2023-06-26T00:00:00,7.1171,survey_station,Universal Transverse Mercator (US Survey Feet) / NAD83 Utah - HARN / Zone 12N (114 W to 108 W),,ft,ft*0.3048;dls*0.3 (v1.1.0),16B(78)-32 Final Survey Report.txt,PUBLIC_REAL
FORGE16B7832-01,876.3,876.1506,-784.2931,1.17,282.11,13987754.29,1097927.45,0.177,,,2023-06-26T00:00:00,6.9708,survey_station,Universal Transverse Mercator (US Survey Feet) / NAD83 Utah - HARN / Zone 12N (114 W to 108 W),,ft,ft*0.3048;dls*0.3 (v1.1.0),16B(78)-32 Final Survey Report.txt,PUBLIC_REAL
FORGE16B7832-01,883.92,883.7706,-776.6731,1.13,283.34,13987754.4,1097926.96,0.057,,,2023-06-26T00:00:00,6.8184,survey_station,Universal Transverse Mercator (US Survey Feet) / NAD83 Utah - HARN / Zone 12N (114 W to 108 W),,ft,ft*0.3048;dls*0.3 (v1.1.0),16B(78)-32 Final Survey Report.txt,PUBLIC_REAL
FORGE16B7832-01,891.54,891.3876,-769.0561,1.01,271.93,13987754.47,1097926.5,0.294,,,2023-06-26T00:00:00,6.6782,survey_station,Universal Transverse Mercator (US Survey Feet) / NAD83 Utah - HARN / Zone 12N (114 W to 108 W),,ft,ft*0.3048;dls*0.3 (v1.1.0),16B(78)-32 Final Survey Report.txt,PUBLIC_REAL
FORGE16B7832-01,899.16,899.0076,-761.4361,0.65,279.18,13987754.5,1097926.14,0.45,,,2023-06-26T00:00:00,6.5684,survey_station,Universal Transverse Mercator (US Survey Feet) / NAD83 Utah - HARN / Zone 12N (114 W to 108 W),,ft,ft*0.3048;dls*0.3 (v1.1.0),16B(78)-32 Final Survey Report.txt,PUBLIC_REAL
FORGE16B7832-01,906.78,906.6276,-753.8161,0.87,303.93,13987754.63,1097925.84,0.468,,,2023-06-26T00:00:00,6.4709,survey_station,Universal Transverse Mercator (US Survey Feet) / NAD83 Utah - HARN / Zone 12N (114 W to 108 W),,ft,ft*0.3048;dls*0.3 (v1.1.0),16B(78)-32 Final Survey Report.txt,PUBLIC_REAL
FORGE16B7832-01,914.4,914.2446,-746.1992,1.01,284.44,13987754.79,1097925.47,0.417,,,2023-06-26T00:00:00,6.349,survey_station,Universal Transverse Mercator (US Survey Feet) / NAD83 Utah - HARN / Zone 12N (114 W to 108 W),,ft,ft*0.3048;dls*0.3 (v1.1.0),16B(78)-32 Final Survey Report.txt,PUBLIC_REAL
FORGE16B7832-01,922.02,921.8646,-738.5792,0.61,286.05,13987754.88,1097925.13,0.48,,,2023-06-26T00:00:00,6.2423,survey_station,Universal Transverse Mercator (US Survey Feet) / NAD83 Utah - HARN / Zone 12N (114 W to 108 W),,ft,ft*0.3048;dls*0.3 (v1.1.0),16B(78)-32 Final Survey Report.txt,PUBLIC_REAL
FORGE16B7832-01,929.64,929.4846,-730.9592,0.71,301.26,13987755,1097924.87,0.24,,,2023-06-26T00:00:00,6.157,survey_station,Universal Transverse Mercator (US Survey Feet) / NAD83 Utah - HARN / Zone 12N (114 W to 108 W),,ft,ft*0.3048;dls*0.3 (v1.1.0),16B(78)-32 Final Survey Report.txt,PUBLIC_REAL
FORGE16B7832-01,937.26,937.1046,-723.3392,0.84,275.53,13987755.09,1097924.55,0.441,,,2023-06-26T00:00:00,6.0564,survey_station,Universal Transverse Mercator (US Survey Feet) / NAD83 Utah - HARN / Zone 12N (114 W to 108 W),,ft,ft*0.3048;dls*0.3 (v1.1.0),16B(78)-32 Final Survey Report.txt,PUBLIC_REAL
FORGE16B7832-01,944.88,944.7246,-715.7192,0.61,293.64,13987755.16,1097924.25,0.387,,,2023-06-26T00:00:00,5.9588,survey_station,Universal Transverse Mercator (US Survey Feet) / NAD83 Utah - HARN / Zone 12N (114 W to 108 W),,ft,ft*0.3048;dls*0.3 (v1.1.0),16B(78)-32 Final Survey Report.txt,PUBLIC_REAL
FORGE16B7832-01,952.5,952.3415,-708.1022,0.78,311.23,13987755.33,1097924,0.324,,,2023-06-26T00:00:00,5.8735,survey_station,Universal Transverse Mercator (US Survey Feet) / NAD83 Utah - HARN / Zone 12N (114 W to 108 W),,ft,ft*0.3048;dls*0.3 (v1.1.0),16B(78)-32 Final Survey Report.txt,PUBLIC_REAL
FORGE16B7832-01,960.12,959.9615,-700.4822,0.77,279.28,13987755.47,1097923.7,0.513,,,2023-06-26T00:00:00,5.7729,survey_station,Universal Transverse Mercator (US Survey Feet) / NAD83 Utah - HARN / Zone 12N (114 W to 108 W),,ft,ft*0.3048;dls*0.3 (v1.1.0),16B(78)-32 Final Survey Report.txt,PUBLIC_REAL
FORGE16B7832-01,967.74,967.5815,-692.8622,0.71,320.79,13987755.62,1097923.44,0.633,,,2023-06-26T00:00:00,5.6845,survey_station,Universal Transverse Mercator (US Survey Feet) / NAD83 Utah - HARN / Zone 12N (114 W to 108 W),,ft,ft*0.3048;dls*0.3 (v1.1.0),16B(78)-32 Final Survey Report.txt,PUBLIC_REAL
FORGE16B7832-01,975.36,975.2015,-685.2422,0.91,300.34,13987755.84,1097923.17,0.417,,,2023-06-26T00:00:00,5.587,survey_station,Universal Transverse Mercator (US Survey Feet) / NAD83 Utah - HARN / Zone 12N (114 W to 108 W),,ft,ft*0.3048;dls*0.3 (v1.1.0),16B(78)-32 Final Survey Report.txt,PUBLIC_REAL
FORGE16B7832-01,982.98,982.8215,-677.6222,0.52,282.31,13987755.96,1097922.89,0.534,,,2023-06-26T00:00:00,5.4925,survey_station,Universal Transverse Mercator (US Survey Feet) / NAD83 Utah - HARN / Zone 12N (114 W to 108 W),,ft,ft*0.3048;dls*0.3 (v1.1.0),16B(78)-32 Final Survey Report.txt,PUBLIC_REAL
FORGE16B7832-01,990.6,990.4385,-670.0053,0.68,314.84,13987756.09,1097922.67,0.444,,,2023-06-26T00:00:00,5.4193,survey_station,Universal Transverse Mercator (US Survey Feet) / NAD83 Utah - HARN / Zone 12N (114 W to 108 W),,ft,ft*0.3048;dls*0.3 (v1.1.0),16B(78)-32 Final Survey Report.txt,PUBLIC_REAL
FORGE16B7832-01,998.22,998.0585,-662.3853,0.45,329.64,13987756.28,1097922.52,0.324,,,2023-06-26T00:00:00,5.3584,survey_station,Universal Transverse Mercator (US Survey Feet) / NAD83 Utah - HARN / Zone 12N (114 W to 108 W),,ft,ft*0.3048;dls*0.3 (v1.1.0),16B(78)-32 Final Survey Report.txt,PUBLIC_REAL
FORGE16B7832-01,1005.84,1005.6785,-654.7653,0.56,330,13987756.47,1097922.41,0.132,,,2023-06-26T00:00:00,5.3066,survey_station,Universal Transverse Mercator (US Survey Feet) / NAD83 Utah - HARN / Zone 12N (114 W to 108 W),,ft,ft*0.3048;dls*0.3 (v1.1.0),16B(78)-32 Final Survey Report.txt,PUBLIC_REAL
FORGE16B7832-01,1013.46,1013.2985,-647.1453,0.47,322.18,13987756.66,1097922.28,0.138,,,2023-06-26T00:00:00,5.2548,survey_station,Universal Transverse Mercator (US Survey Feet) / NAD83 Utah - HARN / Zone 12N (114 W to 108 W),,ft,ft*0.3048;dls*0.3 (v1.1.0),16B(78)-32 Final Survey Report.txt,PUBLIC_REAL
FORGE16B7832-01,1021.08,1020.9185,-639.5253,0.35,336.04,13987756.81,1097922.19,0.186,,,2023-06-26T00:00:00,5.2151,survey_station,Universal Transverse Mercator (US Survey Feet) / NAD83 Utah - HARN / Zone 12N (114 W to 108 W),,ft,ft*0.3048;dls*0.3 (v1.1.0),16B(78)-32 Final Survey Report.txt,PUBLIC_REAL
FORGE16B7832-01,1028.7,1028.5385,-631.9053,0.24,4.68,13987756.93,1097922.16,0.216,,,2023-06-26T00:00:00,5.1968,survey_station,Universal Transverse Mercator (US Survey Feet) / NAD83 Utah - HARN / Zone 12N (114 W to 108 W),,ft,ft*0.3048;dls*0.3 (v1.1.0),16B(78)-32 Final Survey Report.txt,PUBLIC_REAL
FORGE16B7832-01,1036.32,1036.1585,-624.2853,0.37,63.06,13987757.02,1097922.24,0.381,,,2023-06-26T00:00:00,5.209,survey_station,Universal Transverse Mercator (US Survey Feet) / NAD83 Utah - HARN / Zone 12N (114 W to 108 W),,ft,ft*0.3048;dls*0.3 (v1.1.0),16B(78)-32 Final Survey Report.txt,PUBLIC_REAL
FORGE16B7832-01,1043.94,1043.7785,-616.6653,0.46,101.84,13987757.03,1097922.41,0.345,,,2023-06-26T00:00:00,5.2578,survey_station,Universal Transverse Mercator (US Survey Feet) / NAD83 Utah - HARN / Zone 12N (114 W to 108 W),,ft,ft*0.3048;dls*0.3 (v1.1.0),16B(78)-32 Final Survey Report.txt,PUBLIC_REAL
FORGE16B7832-01,1051.56,1051.3985,-609.0453,0.5,109.13,13987756.98,1097922.61,0.087,,,2023-06-26T00:00:00,5.3218,survey_station,Universal Transverse Mercator (US Survey Feet) / NAD83 Utah - HARN / Zone 12N (114 W to 108 W),,ft,ft*0.3048;dls*0.3 (v1.1.0),16B(78)-32 Final Survey Report.txt,PUBLIC_REAL
FORGE16B7832-01,1059.18,1059.0185,-601.4253,0.82,99.96,13987756.91,1097922.89,0.402,,,2023-06-26T00:00:00,5.4102,survey_station,Universal Transverse Mercator (US Survey Feet) / NAD83 Utah - HARN / Zone 12N (114 W to 108 W),,ft,ft*0.3048;dls*0.3 (v1.1.0),16B(78)-32 Final Survey Report.txt,PUBLIC_REAL
FORGE16B7832-01,1066.8,1066.6354,-593.8083,0.58,113.04,13987756.83,1097923.18,0.345,,,2023-06-26T00:00:00,5.5016,survey_station,Universal Transverse Mercator (US Survey Feet) / NAD83 Utah - HARN / Zone 12N (114 W to 108 W),,ft,ft*0.3048;dls*0.3 (v1.1.0),16B(78)-32 Final Survey Report.txt,PUBLIC_REAL
FORGE16B7832-01,1074.42,1074.2554,-586.1883,0.97,104.22,13987756.73,1097923.5,0.489,,,2023-06-26T00:00:00,5.6053,survey_station,Universal Transverse Mercator (US Survey Feet) / NAD83 Utah - HARN / Zone 12N (114 W to 108 W),,ft,ft*0.3048;dls*0.3 (v1.1.0),16B(78)-32 Final Survey Report.txt,PUBLIC_REAL
FORGE16B7832-01,1082.04,1081.8754,-578.5683,0.7,87.67,13987756.68,1097923.86,0.432,,,2023-06-26T00:00:00,5.712,survey_station,Universal Transverse Mercator (US Survey Feet) / NAD83 Utah - HARN / Zone 12N (114 W to 108 W),,ft,ft*0.3048;dls*0.3 (v1.1.0),16B(78)-32 Final Survey Report.txt,PUBLIC_REAL
FORGE16B7832-01,1089.66,1089.4954,-570.9483,0.86,82.09,13987756.72,1097924.2,0.213,,,2023-06-26T00:00:00,5.8095,survey_station,Universal Transverse Mercator (US Survey Feet) / NAD83 Utah - HARN / Zone 12N (114 W to 108 W),,ft,ft*0.3048;dls*0.3 (v1.1.0),16B(78)-32 Final Survey Report.txt,PUBLIC_REAL
FORGE16B7832-01,1097.28,1097.1154,-563.3283,0.75,95.48,13987756.73,1097924.55,0.261,,,2023-06-26T00:00:00,5.9101,survey_station,Universal Transverse Mercator (US Survey Feet) / NAD83 Utah - HARN / Zone 12N (114 W to 108 W),,ft,ft*0.3048;dls*0.3 (v1.1.0),16B(78)-32 Final Survey Report.txt,PUBLIC_REAL
FORGE16B7832-01,1104.9,1104.7324,-555.7114,0.5,124.27,13987756.65,1097924.8,0.474,,,2023-06-26T00:00:00,5.9893,survey_station,Universal Transverse Mercator (US Survey Feet) / NAD83 Utah - HARN / Zone 12N (114 W to 108 W),,ft,ft*0.3048;dls*0.3 (v1.1.0),16B(78)-32 Final Survey Report.txt,PUBLIC_REAL
FORGE16B7832-01,1112.52,1112.3524,-548.0914,0.8,109.58,13987756.53,1097925.06,0.408,,,2023-06-26T00:00:00,6.0747,survey_station,Universal Transverse Mercator (US Survey Feet) / NAD83 Utah - HARN / Zone 12N (114 W to 108 W),,ft,ft*0.3048;dls*0.3 (v1.1.0),16B(78)-32 Final Survey Report.txt,PUBLIC_REAL
FORGE16B7832-01,1120.14,1119.9724,-540.4714,0.67,114.35,13987756.41,1097925.35,0.171,,,2023-06-26T00:00:00,6.1722,survey_station,Universal Transverse Mercator (US Survey Feet) / NAD83 Utah - HARN / Zone 12N (114 W to 108 W),,ft,ft*0.3048;dls*0.3 (v1.1.0),16B(78)-32 Final Survey Report.txt,PUBLIC_REAL
FORGE16B7832-01,1127.76,1127.5924,-532.8514,0.74,97.06,13987756.33,1097925.65,0.267,,,2023-06-26T00:00:00,6.2667,survey_station,Universal Transverse Mercator (US Survey Feet) / NAD83 Utah - HARN / Zone 12N (114 W to 108 W),,ft,ft*0.3048;dls*0.3 (v1.1.0),16B(78)-32 Final Survey Report.txt,PUBLIC_REAL
FORGE16B7832-01,1135.38,1135.2124,-525.2314,0.74,101.53,13987756.28,1097925.96,0.069,,,2023-06-26T00:00:00,6.3642,survey_station,Universal Transverse Mercator (US Survey Feet) / NAD83 Utah - HARN / Zone 12N (114 W to 108 W),,ft,ft*0.3048;dls*0.3 (v1.1.0),16B(78)-32 Final Survey Report.txt,PUBLIC_REAL
FORGE16B7832-01,1143,1142.8293,-517.6144,0.63,78.68,13987756.27,1097926.26,0.351,,,2023-06-26T00:00:00,6.4496,survey_station,Universal Transverse Mercator (US Survey Feet) / NAD83 Utah - HARN / Zone 12N (114 W to 108 W),,ft,ft*0.3048;dls*0.3 (v1.1.0),16B(78)-32 Final Survey Report.txt,PUBLIC_REAL
FORGE16B7832-01,1150.62,1150.4493,-509.9944,0.55,107.07,13987756.26,1097926.51,0.36,,,2023-06-26T00:00:00,6.5227,survey_station,Universal Transverse Mercator (US Survey Feet) / NAD83 Utah - HARN / Zone 12N (114 W to 108 W),,ft,ft*0.3048;dls*0.3 (v1.1.0),16B(78)-32 Final Survey Report.txt,PUBLIC_REAL
FORGE16B7832-01,1158.24,1158.0693,-502.3744,0.59,86.48,13987756.24,1097926.75,0.249,,,2023-06-26T00:00:00,6.5959,survey_station,Universal Transverse Mercator (US Survey Feet) / NAD83 Utah - HARN / Zone 12N (114 W to 108 W),,ft,ft*0.3048;dls*0.3 (v1.1.0),16B(78)-32 Final Survey Report.txt,PUBLIC_REAL
FORGE16B7832-01,1165.86,1165.6893,-494.7544,0.84,100.27,13987756.21,1097927.06,0.363,,,2023-06-26T00:00:00,6.6873,survey_station,Universal Transverse Mercator (US Survey Feet) / NAD83 Utah - HARN / Zone 12N (114 W to 108 W),,ft,ft*0.3048;dls*0.3 (v1.1.0),16B(78)-32 Final Survey Report.txt,PUBLIC_REAL
FORGE16B7832-01,1173.48,1173.3093,-487.1344,0.57,108.99,13987756.14,1097927.36,0.348,,,2023-06-26T00:00:00,6.7818,survey_station,Universal Transverse Mercator (US Survey Feet) / NAD83 Utah - HARN / Zone 12N (114 W to 108 W),,ft,ft*0.3048;dls*0.3 (v1.1.0),16B(78)-32 Final Survey Report.txt,PUBLIC_REAL
FORGE16B7832-01,1181.1,1180.9293,-479.5144,0.77,92.88,13987756.09,1097927.64,0.327,,,2023-06-26T00:00:00,6.8702,survey_station,Universal Transverse Mercator (US Survey Feet) / NAD83 Utah - HARN / Zone 12N (114 W to 108 W),,ft,ft*0.3048;dls*0.3 (v1.1.0),16B(78)-32 Final Survey Report.txt,PUBLIC_REAL
FORGE16B7832-01,1188.72,1188.5463,-471.8975,0.8,104.43,13987756.04,1097927.98,0.192,,,2023-06-26T00:00:00,6.9708,survey_station,Universal Transverse Mercator (US Survey Feet) / NAD83 Utah - HARN / Zone 12N (114 W to 108 W),,ft,ft*0.3048;dls*0.3 (v1.1.0),16B(78)-32 Final Survey Report.txt,PUBLIC_REAL
FORGE16B7832-01,1196.34,1196.1663,-464.2775,1.07,95.63,13987755.97,1097928.38,0.366,,,2023-06-26T00:00:00,7.0957,survey_station,Universal Transverse Mercator (US Survey Feet) / NAD83 Utah - HARN / Zone 12N (114 W to 108 W),,ft,ft*0.3048;dls*0.3 (v1.1.0),16B(78)-32 Final Survey Report.txt,PUBLIC_REAL
FORGE16B7832-01,1203.96,1203.7863,-456.6575,0.8,93.6,13987755.94,1097928.79,0.327,,,2023-06-26T00:00:00,7.2146,survey_station,Universal Transverse Mercator (US Survey Feet) / NAD83 Utah - HARN / Zone 12N (114 W to 108 W),,ft,ft*0.3048;dls*0.3 (v1.1.0),16B(78)-32 Final Survey Report.txt,PUBLIC_REAL
FORGE16B7832-01,1211.58,1211.4032,-449.0405,0.79,89,13987755.93,1097929.13,0.078,,,2023-06-26T00:00:00,7.3182,survey_station,Universal Transverse Mercator (US Survey Feet) / NAD83 Utah - HARN / Zone 12N (114 W to 108 W),,ft,ft*0.3048;dls*0.3 (v1.1.0),16B(78)-32 Final Survey Report.txt,PUBLIC_REAL
FORGE16B7832-01,1219.2,1219.0232,-441.4205,1.13,96.3,13987755.91,1097929.55,0.432,,,2023-06-26T00:00:00,7.4432,survey_station,Universal Transverse Mercator (US Survey Feet) / NAD83 Utah - HARN / Zone 12N (114 W to 108 W),,ft,ft*0.3048;dls*0.3 (v1.1.0),16B(78)-32 Final Survey Report.txt,PUBLIC_REAL
FORGE16B7832-01,1226.82,1226.6432,-433.8005,0.68,93,13987755.87,1097929.94,0.543,,,2023-06-26T00:00:00,7.559,survey_station,Universal Transverse Mercator (US Survey Feet) / NAD83 Utah - HARN / Zone 12N (114 W to 108 W),,ft,ft*0.3048;dls*0.3 (v1.1.0),16B(78)-32 Final Survey Report.txt,PUBLIC_REAL
FORGE16B7832-01,1234.44,1234.2632,-426.1805,0.75,118.09,13987755.79,1097930.24,0.381,,,2023-06-26T00:00:00,7.6535,survey_station,Universal Transverse Mercator (US Survey Feet) / NAD83 Utah - HARN / Zone 12N (114 W to 108 W),,ft,ft*0.3048;dls*0.3 (v1.1.0),16B(78)-32 Final Survey Report.txt,PUBLIC_REAL
FORGE16B7832-01,1242.06,1241.8802,-418.5636,0.89,111.94,13987755.64,1097930.56,0.198,,,2023-06-26T00:00:00,7.7602,survey_station,Universal Transverse Mercator (US Survey Feet) / NAD83 Utah - HARN / Zone 12N (114 W to 108 W),,ft,ft*0.3048;dls*0.3 (v1.1.0),16B(78)-32 Final Survey Report.txt,PUBLIC_REAL
FORGE16B7832-01,1249.68,1249.5002,-410.9436,0.42,119.05,13987755.52,1097930.82,0.57,,,2023-06-26T00:00:00,7.8456,survey_station,Universal Transverse Mercator (US Survey Feet) / NAD83 Utah - HARN / Zone 12N (114 W to 108 W),,ft,ft*0.3048;dls*0.3 (v1.1.0),16B(78)-32 Final Survey Report.txt,PUBLIC_REAL
FORGE16B7832-01,1257.3,1257.1202,-403.3236,0.46,106.27,13987755.45,1097931,0.126,,,2023-06-26T00:00:00,7.9035,survey_station,Universal Transverse Mercator (US Survey Feet) / NAD83 Utah - HARN / Zone 12N (114 W to 108 W),,ft,ft*0.3048;dls*0.3 (v1.1.0),16B(78)-32 Final Survey Report.txt,PUBLIC_REAL
FORGE16B7832-01,1264.92,1264.7402,-395.7036,0.82,100.72,13987755.39,1097931.27,0.438,,,2023-06-26T00:00:00,7.9888,survey_station,Universal Transverse Mercator (US Survey Feet) / NAD83 Utah - HARN / Zone 12N (114 W to 108 W),,ft,ft*0.3048;dls*0.3 (v1.1.0),16B(78)-32 Final Survey Report.txt,PUBLIC_REAL
FORGE16B7832-01,1272.54,1272.3602,-388.0836,0.43,81.17,13987755.37,1097931.54,0.528,,,2023-06-26T00:00:00,8.0681,survey_station,Universal Transverse Mercator (US Survey Feet) / NAD83 Utah - HARN / Zone 12N (114 W to 108 W),,ft,ft*0.3048;dls*0.3 (v1.1.0),16B(78)-32 Final Survey Report.txt,PUBLIC_REAL
FORGE16B7832-01,1280.16,1279.9802,-380.4636,0.45,112.3,13987755.34,1097931.72,0.285,,,2023-06-26T00:00:00,8.126,survey_station,Universal Transverse Mercator (US Survey Feet) / NAD83 Utah - HARN / Zone 12N (114 W to 108 W),,ft,ft*0.3048;dls*0.3 (v1.1.0),16B(78)-32 Final Survey Report.txt,PUBLIC_REAL
FORGE16B7832-01,1287.78,1287.6002,-372.8436,0.43,110.11,13987755.27,1097931.9,0.03,,,2023-06-26T00:00:00,8.1839,survey_station,Universal Transverse Mercator (US Survey Feet) / NAD83 Utah - HARN / Zone 12N (114 W to 108 W),,ft,ft*0.3048;dls*0.3 (v1.1.0),16B(78)-32 Final Survey Report.txt,PUBLIC_REAL
FORGE16B7832-01,1295.4,1295.2202,-365.2236,0.63,103.96,13987755.21,1097932.12,0.249,,,2023-06-26T00:00:00,8.254,survey_station,Universal Transverse Mercator (US Survey Feet) / NAD83 Utah - HARN / Zone 12N (114 W to 108 W),,ft,ft*0.3048;dls*0.3 (v1.1.0),16B(78)-32 Final Survey Report.txt,PUBLIC_REAL
FORGE16B7832-01,1303.02,1302.8371,-357.6066,0.8,127.54,13987755.07,1097932.39,0.402,,,2023-06-26T00:00:00,8.3454,survey_station,Universal Transverse Mercator (US Survey Feet) / NAD83 Utah - HARN / Zone 12N (114 W to 108 W),,ft,ft*0.3048;dls*0.3 (v1.1.0),16B(78)-32 Final Survey Report.txt,PUBLIC_REAL
FORGE16B7832-01,1310.64,1310.4571,-349.9866,0.48,98.21,13987754.95,1097932.64,0.537,,,2023-06-26T00:00:00,8.4277,survey_station,Universal Transverse Mercator (US Survey Feet) / NAD83 Utah - HARN / Zone 12N (114 W to 108 W),,ft,ft*0.3048;dls*0.3 (v1.1.0),16B(78)-32 Final Survey Report.txt,PUBLIC_REAL
FORGE16B7832-01,1318.26,1318.0771,-342.3666,0.61,124.9,13987754.86,1097932.85,0.339,,,2023-06-26T00:00:00,8.4978,survey_station,Universal Transverse Mercator (US Survey Feet) / NAD83 Utah - HARN / Zone 12N (114 W to 108 W),,ft,ft*0.3048;dls*0.3 (v1.1.0),16B(78)-32 Final Survey Report.txt,PUBLIC_REAL
FORGE16B7832-01,1325.88,1325.6971,-334.7466,0.68,92.28,13987754.78,1097933.11,0.441,,,2023-06-26T00:00:00,8.5801,survey_station,Universal Transverse Mercator (US Survey Feet) / NAD83 Utah - HARN / Zone 12N (114 W to 108 W),,ft,ft*0.3048;dls*0.3 (v1.1.0),16B(78)-32 Final Survey Report.txt,PUBLIC_REAL
FORGE16B7832-01,1333.5,1333.3171,-327.1266,0.69,119.99,13987754.69,1097933.38,0.393,,,2023-06-26T00:00:00,8.6685,survey_station,Universal Transverse Mercator (US Survey Feet) / NAD83 Utah - HARN / Zone 12N (114 W to 108 W),,ft,ft*0.3048;dls*0.3 (v1.1.0),16B(78)-32 Final Survey Report.txt,PUBLIC_REAL
FORGE16B7832-01,1341.12,1340.9371,-319.5066,0.61,73.25,13987754.66,1097933.64,0.624,,,2023-06-26T00:00:00,8.7447,survey_station,Universal Transverse Mercator (US Survey Feet) / NAD83 Utah - HARN / Zone 12N (114 W to 108 W),,ft,ft*0.3048;dls*0.3 (v1.1.0),16B(78)-32 Final Survey Report.txt,PUBLIC_REAL
FORGE16B7832-01,1348.74,1348.5571,-311.8866,0.56,93.68,13987754.69,1097933.89,0.255,,,2023-06-26T00:00:00,8.8148,survey_station,Universal Transverse Mercator (US Survey Feet) / NAD83 Utah - HARN / Zone 12N (114 W to 108 W),,ft,ft*0.3048;dls*0.3 (v1.1.0),16B(78)-32 Final Survey Report.txt,PUBLIC_REAL
FORGE16B7832-01,1356.36,1356.1741,-304.2696,0.77,69.92,13987754.74,1097934.17,0.411,,,2023-06-26T00:00:00,8.8941,survey_station,Universal Transverse Mercator (US Survey Feet) / NAD83 Utah - HARN / Zone 12N (114 W to 108 W),,ft,ft*0.3048;dls*0.3 (v1.1.0),16B(78)-32 Final Survey Report.txt,PUBLIC_REAL
FORGE16B7832-01,1363.98,1363.7941,-296.6496,1.11,81.57,13987754.83,1097934.57,0.465,,,2023-06-26T00:00:00,9.0007,survey_station,Universal Transverse Mercator (US Survey Feet) / NAD83 Utah - HARN / Zone 12N (114 W to 108 W),,ft,ft*0.3048;dls*0.3 (v1.1.0),16B(78)-32 Final Survey Report.txt,PUBLIC_REAL
FORGE16B7832-01,1371.6,1371.4141,-289.0296,0.7,92.27,13987754.86,1097934.96,0.531,,,2023-06-26T00:00:00,9.1135,survey_station,Universal Transverse Mercator (US Survey Feet) / NAD83 Utah - HARN / Zone 12N (114 W to 108 W),,ft,ft*0.3048;dls*0.3 (v1.1.0),16B(78)-32 Final Survey Report.txt,PUBLIC_REAL
FORGE16B7832-01,1379.22,1379.031,-281.4127,0.95,69.37,13987754.93,1097935.31,0.492,,,2023-06-26T00:00:00,9.208,survey_station,Universal Transverse Mercator (US Survey Feet) / NAD83 Utah - HARN / Zone 12N (114 W to 108 W),,ft,ft*0.3048;dls*0.3 (v1.1.0),16B(78)-32 Final Survey Report.txt,PUBLIC_REAL
FORGE16B7832-01,1386.84,1386.651,-273.7927,0.7,96.1,13987754.98,1097935.65,0.543,,,2023-06-26T00:00:00,9.3025,survey_station,Universal Transverse Mercator (US Survey Feet) / NAD83 Utah - HARN / Zone 12N (114 W to 108 W),,ft,ft*0.3048;dls*0.3 (v1.1.0),16B(78)-32 Final Survey Report.txt,PUBLIC_REAL
FORGE16B7832-01,1394.46,1394.271,-266.1727,1.07,104.17,13987754.91,1097936.03,0.468,,,2023-06-26T00:00:00,9.4214,survey_station,Universal Transverse Mercator (US Survey Feet) / NAD83 Utah - HARN / Zone 12N (114 W to 108 W),,ft,ft*0.3048;dls*0.3 (v1.1.0),16B(78)-32 Final Survey Report.txt,PUBLIC_REAL
FORGE16B7832-01,1402.08,1401.888,-258.5557,1.2,92.9,13987754.84,1097936.52,0.309,,,2023-06-26T00:00:00,9.5677,survey_station,Universal Transverse Mercator (US Survey Feet) / NAD83 Utah - HARN / Zone 12N (114 W to 108 W),,ft,ft*0.3048;dls*0.3 (v1.1.0),16B(78)-32 Final Survey Report.txt,PUBLIC_REAL
FORGE16B7832-01,1409.7,1409.508,-250.9357,0.98,88.69,13987754.83,1097936.99,0.282,,,2023-06-26T00:00:00,9.7079,survey_station,Universal Transverse Mercator (US Survey Feet) / NAD83 Utah - HARN / Zone 12N (114 W to 108 W),,ft,ft*0.3048;dls*0.3 (v1.1.0),16B(78)-32 Final Survey Report.txt,PUBLIC_REAL
FORGE16B7832-01,1417.32,1417.128,-243.3157,1.1,102.12,13987754.79,1097937.44,0.324,,,2023-06-26T00:00:00,9.842,survey_station,Universal Transverse Mercator (US Survey Feet) / NAD83 Utah - HARN / Zone 12N (114 W to 108 W),,ft,ft*0.3048;dls*0.3 (v1.1.0),16B(78)-32 Final Survey Report.txt,PUBLIC_REAL
FORGE16B7832-01,1424.94,1424.7449,-235.6988,1.22,115.26,13987754.62,1097937.92,0.348,,,2023-06-26T00:00:00,9.9974,survey_station,Universal Transverse Mercator (US Survey Feet) / NAD83 Utah - HARN / Zone 12N (114 W to 108 W),,ft,ft*0.3048;dls*0.3 (v1.1.0),16B(78)-32 Final Survey Report.txt,PUBLIC_REAL
FORGE16B7832-01,1432.56,1432.3619,-228.0818,1.49,118.69,13987754.35,1097938.44,0.339,,,2023-06-26T00:00:00,10.1742,survey_station,Universal Transverse Mercator (US Survey Feet) / NAD83 Utah - HARN / Zone 12N (114 W to 108 W),,ft,ft*0.3048;dls*0.3 (v1.1.0),16B(78)-32 Final Survey Report.txt,PUBLIC_REAL
FORGE16B7832-01,1440.18,1439.9788,-220.4649,1.85,122.18,13987753.98,1097939.07,0.45,,,2023-06-26T00:00:00,10.3876,survey_station,Universal Transverse Mercator (US Survey Feet) / NAD83 Utah - HARN / Zone 12N (114 W to 108 W),,ft,ft*0.3048;dls*0.3 (v1.1.0),16B(78)-32 Final Survey Report.txt,PUBLIC_REAL
FORGE16B7832-01,1447.8,1447.5958,-212.8479,2.17,121.8,13987753.52,1097939.81,0.384,,,2023-06-26T00:00:00,10.6467,survey_station,Universal Transverse Mercator (US Survey Feet) / NAD83 Utah - HARN / Zone 12N (114 W to 108 W),,ft,ft*0.3048;dls*0.3 (v1.1.0),16B(78)-32 Final Survey Report.txt,PUBLIC_REAL
FORGE16B7832-01,1455.42,1455.2097,-205.234,2.44,123.54,13987752.97,1097940.66,0.336,,,2023-06-26T00:00:00,10.9423,survey_station,Universal Transverse Mercator (US Survey Feet) / NAD83 Utah - HARN / Zone 12N (114 W to 108 W),,ft,ft*0.3048;dls*0.3 (v1.1.0),16B(78)-32 Final Survey Report.txt,PUBLIC_REAL
FORGE16B7832-01,1463.04,1462.8205,-197.6232,2.5,124.15,13987752.37,1097941.56,0.078,,,2023-06-26T00:00:00,11.2563,survey_station,Universal Transverse Mercator (US Survey Feet) / NAD83 Utah - HARN / Zone 12N (114 W to 108 W),,ft,ft*0.3048;dls*0.3 (v1.1.0),16B(78)-32 Final Survey Report.txt,PUBLIC_REAL
FORGE16B7832-01,1470.66,1470.4344,-190.0093,2.62,125.62,13987751.73,1097942.47,0.165,,,2023-06-26T00:00:00,11.5794,survey_station,Universal Transverse Mercator (US Survey Feet) / NAD83 Utah - HARN / Zone 12N (114 W to 108 W),,ft,ft*0.3048;dls*0.3 (v1.1.0),16B(78)-32 Final Survey Report.txt,PUBLIC_REAL
FORGE16B7832-01,1478.28,1478.0453,-182.3984,2.53,133.12,13987751.02,1097943.34,0.417,,,2023-06-26T00:00:00,11.8963,survey_station,Universal Transverse Mercator (US Survey Feet) / NAD83 Utah - HARN / Zone 12N (114 W to 108 W),,ft,ft*0.3048;dls*0.3 (v1.1.0),16B(78)-32 Final Survey Report.txt,PUBLIC_REAL
FORGE16B7832-01,1485.9,1485.6592,-174.7845,2.88,126.33,13987750.28,1097944.25,0.57,,,2023-06-26T00:00:00,12.2255,survey_station,Universal Transverse Mercator (US Survey Feet) / NAD83 Utah - HARN / Zone 12N (114 W to 108 W),,ft,ft*0.3048;dls*0.3 (v1.1.0),16B(78)-32 Final Survey Report.txt,PUBLIC_REAL
FORGE16B7832-01,1493.52,1493.2701,-167.1737,2.27,133.86,13987749.56,1097945.11,0.837,,,2023-06-26T00:00:00,12.5425,survey_station,Universal Transverse Mercator (US Survey Feet) / NAD83 Utah - HARN / Zone 12N (114 W to 108 W),,ft,ft*0.3048;dls*0.3 (v1.1.0),16B(78)-32 Final Survey Report.txt,PUBLIC_REAL
FORGE16B7832-01,1501.14,1500.884,-159.5598,1.87,158.06,13987748.84,1097945.62,1.143,,,2023-06-26T00:00:00,12.7528,survey_station,Universal Transverse Mercator (US Survey Feet) / NAD83 Utah - HARN / Zone 12N (114 W to 108 W),,ft,ft*0.3048;dls*0.3 (v1.1.0),16B(78)-32 Final Survey Report.txt,PUBLIC_REAL
FORGE16B7832-01,1508.76,1508.5009,-151.9428,1.96,148.14,13987748.1,1097946,0.411,,,2023-06-26T00:00:00,12.9296,survey_station,Universal Transverse Mercator (US Survey Feet) / NAD83 Utah - HARN / Zone 12N (114 W to 108 W),,ft,ft*0.3048;dls*0.3 (v1.1.0),16B(78)-32 Final Survey Report.txt,PUBLIC_REAL
FORGE16B7832-01,1516.38,1516.1179,-144.3258,1.61,152.88,13987747.42,1097946.38,0.456,,,2023-06-26T00:00:00,13.1003,survey_station,Universal Transverse Mercator (US Survey Feet) / NAD83 Utah - HARN / Zone 12N (114 W to 108 W),,ft,ft*0.3048;dls*0.3 (v1.1.0),16B(78)-32 Final Survey Report.txt,PUBLIC_REAL
FORGE16B7832-01,1524,1523.7348,-136.7089,1.74,163.36,13987746.75,1097946.65,0.399,,,2023-06-26T00:00:00,13.2405,survey_station,Universal Transverse Mercator (US Survey Feet) / NAD83 Utah - HARN / Zone 12N (114 W to 108 W),,ft,ft*0.3048;dls*0.3 (v1.1.0),16B(78)-32 Final Survey Report.txt,PUBLIC_REAL
FORGE16B7832-01,1531.62,1531.3518,-129.0919,0.86,165.6,13987746.2,1097946.81,1.059,,,2023-06-26T00:00:00,13.332,survey_station,Universal Transverse Mercator (US Survey Feet) / NAD83 Utah - HARN / Zone 12N (114 W to 108 W),,ft,ft*0.3048;dls*0.3 (v1.1.0),16B(78)-32 Final Survey Report.txt,PUBLIC_REAL
FORGE16B7832-01,1539.24,1538.9718,-121.4719,0.9,154.12,13987745.84,1097946.94,0.216,,,2023-06-26T00:00:00,13.4021,survey_station,Universal Transverse Mercator (US Survey Feet) / NAD83 Utah - HARN / Zone 12N (114 W to 108 W),,ft,ft*0.3048;dls*0.3 (v1.1.0),16B(78)-32 Final Survey Report.txt,PUBLIC_REAL
FORGE16B7832-01,1546.86,1546.5887,-113.855,1,174.59,13987745.45,1097947.05,0.423,,,2023-06-26T00:00:00,13.4691,survey_station,Universal Transverse Mercator (US Survey Feet) / NAD83 Utah - HARN / Zone 12N (114 W to 108 W),,ft,ft*0.3048;dls*0.3 (v1.1.0),16B(78)-32 Final Survey Report.txt,PUBLIC_REAL
FORGE16B7832-01,1554.48,1554.2087,-106.235,0.75,166.03,13987745.07,1097947.11,0.339,,,2023-06-26T00:00:00,13.5209,survey_station,Universal Transverse Mercator (US Survey Feet) / NAD83 Utah - HARN / Zone 12N (114 W to 108 W),,ft,ft*0.3048;dls*0.3 (v1.1.0),16B(78)-32 Final Survey Report.txt,PUBLIC_REAL
FORGE16B7832-01,1562.1,1561.8287,-98.615,0.71,143.03,13987744.79,1097947.24,0.351,,,2023-06-26T00:00:00,13.5849,survey_station,Universal Transverse Mercator (US Survey Feet) / NAD83 Utah - HARN / Zone 12N (114 W to 108 W),,ft,ft*0.3048;dls*0.3 (v1.1.0),16B(78)-32 Final Survey Report.txt,PUBLIC_REAL
FORGE16B7832-01,1569.72,1569.4487,-90.995,0.71,138.33,13987744.55,1097947.43,0.069,,,2023-06-26T00:00:00,13.6611,survey_station,Universal Transverse Mercator (US Survey Feet) / NAD83 Utah - HARN / Zone 12N (114 W to 108 W),,ft,ft*0.3048;dls*0.3 (v1.1.0),16B(78)-32 Final Survey Report.txt,PUBLIC_REAL
FORGE16B7832-01,1577.34,1577.0657,-83.378,1.17,131.7,13987744.26,1097947.73,0.567,,,2023-06-26T00:00:00,13.7739,survey_station,Universal Transverse Mercator (US Survey Feet) / NAD83 Utah - HARN / Zone 12N (114 W to 108 W),,ft,ft*0.3048;dls*0.3 (v1.1.0),16B(78)-32 Final Survey Report.txt,PUBLIC_REAL
FORGE16B7832-01,1584.96,1584.6857,-75.758,1.63,128.59,13987743.87,1097948.2,0.558,,,2023-06-26T00:00:00,13.9446,survey_station,Universal Transverse Mercator (US Survey Feet) / NAD83 Utah - HARN / Zone 12N (114 W to 108 W),,ft,ft*0.3048;dls*0.3 (v1.1.0),16B(78)-32 Final Survey Report.txt,PUBLIC_REAL
FORGE16B7832-01,1592.58,1592.3026,-68.1411,1.63,130.3,13987743.42,1097948.75,0.057,,,2023-06-26T00:00:00,14.1427,survey_station,Universal Transverse Mercator (US Survey Feet) / NAD83 Utah - HARN / Zone 12N (114 W to 108 W),,ft,ft*0.3048;dls*0.3 (v1.1.0),16B(78)-32 Final Survey Report.txt,PUBLIC_REAL
FORGE16B7832-01,1600.2,1599.9196,-60.5241,1.64,134.48,13987742.94,1097949.27,0.144,,,2023-06-26T00:00:00,14.3408,survey_station,Universal Transverse Mercator (US Survey Feet) / NAD83 Utah - HARN / Zone 12N (114 W to 108 W),,ft,ft*0.3048;dls*0.3 (v1.1.0),16B(78)-32 Final Survey Report.txt,PUBLIC_REAL
FORGE16B7832-01,1607.82,1607.5335,-52.9102,2.18,141.42,13987742.32,1097949.82,0.705,,,2023-06-26T00:00:00,14.5572,survey_station,Universal Transverse Mercator (US Survey Feet) / NAD83 Utah - HARN / Zone 12N (114 W to 108 W),,ft,ft*0.3048;dls*0.3 (v1.1.0),16B(78)-32 Final Survey Report.txt,PUBLIC_REAL
FORGE16B7832-01,1615.44,1615.1504,-45.2933,2.05,146.12,13987741.58,1097950.37,0.261,,,2023-06-26T00:00:00,14.7798,survey_station,Universal Transverse Mercator (US Survey Feet) / NAD83 Utah - HARN / Zone 12N (114 W to 108 W),,ft,ft*0.3048;dls*0.3 (v1.1.0),16B(78)-32 Final Survey Report.txt,PUBLIC_REAL
FORGE16B7832-01,1623.06,1622.7643,-37.6794,1.61,158.24,13987740.88,1097950.75,0.699,,,2023-06-26T00:00:00,14.9535,survey_station,Universal Transverse Mercator (US Survey Feet) / NAD83 Utah - HARN / Zone 12N (114 W to 108 W),,ft,ft*0.3048;dls*0.3 (v1.1.0),16B(78)-32 Final Survey Report.txt,PUBLIC_REAL
FORGE16B7832-01,1630.68,1630.3843,-30.0594,1.29,175.24,13987740.27,1097950.9,0.639,,,2023-06-26T00:00:00,15.051,survey_station,Universal Transverse Mercator (US Survey Feet) / NAD83 Utah - HARN / Zone 12N (114 W to 108 W),,ft,ft*0.3048;dls*0.3 (v1.1.0),16B(78)-32 Final Survey Report.txt,PUBLIC_REAL
FORGE16B7832-01,1638.3,1638.0013,-22.4424,0.96,199.55,13987739.79,1097950.86,0.687,,,2023-06-26T00:00:00,15.0815,survey_station,Universal Transverse Mercator (US Survey Feet) / NAD83 Utah - HARN / Zone 12N (114 W to 108 W),,ft,ft*0.3048;dls*0.3 (v1.1.0),16B(78)-32 Final Survey Report.txt,PUBLIC_REAL
FORGE16B7832-01,1645.92,1645.6213,-14.8224,1.1,231.33,13987739.45,1097950.6,0.696,,,2023-06-26T00:00:00,15.0358,survey_station,Universal Transverse Mercator (US Survey Feet) / NAD83 Utah - HARN / Zone 12N (114 W to 108 W),,ft,ft*0.3048;dls*0.3 (v1.1.0),16B(78)-32 Final Survey Report.txt,PUBLIC_REAL
FORGE16B7832-01,1653.54,1653.2382,-7.2055,1.39,228.65,13987739.1,1097950.18,0.354,,,2023-06-26T00:00:00,14.9443,survey_station,Universal Transverse Mercator (US Survey Feet) / NAD83 Utah - HARN / Zone 12N (114 W to 108 W),,ft,ft*0.3048;dls*0.3 (v1.1.0),16B(78)-32 Final Survey Report.txt,PUBLIC_REAL
FORGE16B7832-01,1661.16,1660.8552,0.4115,1.21,228.97,13987738.72,1097949.76,0.216,,,2023-06-26T00:00:00,14.8529,survey_station,Universal Transverse Mercator (US Survey Feet) / NAD83 Utah - HARN / Zone 12N (114 W to 108 W),,ft,ft*0.3048;dls*0.3 (v1.1.0),16B(78)-32 Final Survey Report.txt,PUBLIC_REAL
FORGE16B7832-01,1668.78,1668.4752,8.0315,0.58,243.49,13987738.49,1097949.44,0.798,,,2023-06-26T00:00:00,14.7828,survey_station,Universal Transverse Mercator (US Survey Feet) / NAD83 Utah - HARN / Zone 12N (114 W to 108 W),,ft,ft*0.3048;dls*0.3 (v1.1.0),16B(78)-32 Final Survey Report.txt,PUBLIC_REAL
FORGE16B7832-01,1676.4,1676.0952,15.6515,0.43,165.75,13987738.35,1097949.35,0.774,,,2023-06-26T00:00:00,14.7706,survey_station,Universal Transverse Mercator (US Survey Feet) / NAD83 Utah - HARN / Zone 12N (114 W to 108 W),,ft,ft*0.3048;dls*0.3 (v1.1.0),16B(78)-32 Final Survey Report.txt,PUBLIC_REAL
FORGE16B7832-01,1684.02,1683.7152,23.2715,1.5,134.22,13987738.03,1097949.61,1.386,,,2023-06-26T00:00:00,14.8742,survey_station,Universal Transverse Mercator (US Survey Feet) / NAD83 Utah - HARN / Zone 12N (114 W to 108 W),,ft,ft*0.3048;dls*0.3 (v1.1.0),16B(78)-32 Final Survey Report.txt,PUBLIC_REAL
FORGE16B7832-01,1691.64,1691.3291,30.8854,2.96,126.35,13987737.42,1097950.37,1.785,,,2023-06-26T00:00:00,15.1486,survey_station,Universal Transverse Mercator (US Survey Feet) / NAD83 Utah - HARN / Zone 12N (114 W to 108 W),,ft,ft*0.3048;dls*0.3 (v1.1.0),16B(78)-32 Final Survey Report.txt,PUBLIC_REAL
FORGE16B7832-01,1699.26,1698.9308,38.4871,4.84,121.77,13987736.48,1097951.78,2.286,,,2023-06-26T00:00:00,15.6423,survey_station,Universal Transverse Mercator (US Survey Feet) / NAD83 Utah - HARN / Zone 12N (114 W to 108 W),,ft,ft*0.3048;dls*0.3 (v1.1.0),16B(78)-32 Final Survey Report.txt,PUBLIC_REAL
FORGE16B7832-01,1706.88,1706.5112,46.0675,6.56,122.66,13987735.15,1097953.88,2.067,,,2023-06-26T00:00:00,16.3739,survey_station,Universal Transverse Mercator (US Survey Feet) / NAD83 Utah - HARN / Zone 12N (114 W to 108 W),,ft,ft*0.3048;dls*0.3 (v1.1.0),16B(78)-32 Final Survey Report.txt,PUBLIC_REAL
FORGE16B7832-01,1714.5,1714.0733,53.6296,7.83,125.08,13987733.4,1097956.48,1.566,,,2023-06-26T00:00:00,17.2852,survey_station,Universal Transverse Mercator (US Survey Feet) / NAD83 Utah - HARN / Zone 12N (114 W to 108 W),,ft,ft*0.3048;dls*0.3 (v1.1.0),16B(78)-32 Final Survey Report.txt,PUBLIC_REAL
FORGE16B7832-01,1722.12,1721.6079,61.1642,9.35,127.99,13987731.17,1097959.47,1.896,,,2023-06-26T00:00:00,18.3551,survey_station,Universal Transverse Mercator (US Survey Feet) / NAD83 Utah - HARN / Zone 12N (114 W to 108 W),,ft,ft*0.3048;dls*0.3 (v1.1.0),16B(78)-32 Final Survey Report.txt,PUBLIC_REAL
FORGE16B7832-01,1729.74,1729.106,68.6623,11.11,130.02,13987728.37,1097962.92,2.157,,,2023-06-26T00:00:00,19.6078,survey_station,Universal Transverse Mercator (US Survey Feet) / NAD83 Utah - HARN / Zone 12N (114 W to 108 W),,ft,ft*0.3048;dls*0.3 (v1.1.0),16B(78)-32 Final Survey Report.txt,PUBLIC_REAL
FORGE16B7832-01,1737.36,1736.5614,76.1177,12.62,132.49,13987724.98,1097966.78,1.911,,,2023-06-26T00:00:00,21.0342,survey_station,Universal Transverse Mercator (US Survey Feet) / NAD83 Utah - HARN / Zone 12N (114 W to 108 W),,ft,ft*0.3048;dls*0.3 (v1.1.0),16B(78)-32 Final Survey Report.txt,PUBLIC_REAL
FORGE16B7832-01,1744.98,1743.9924,83.5487,13.02,132.67,13987721.23,1097970.86,0.483,,,2023-06-26T00:00:00,22.5552,survey_station,Universal Transverse Mercator (US Survey Feet) / NAD83 Utah - HARN / Zone 12N (114 W to 108 W),,ft,ft*0.3048;dls*0.3 (v1.1.0),16B(78)-32 Final Survey Report.txt,PUBLIC_REAL
FORGE16B7832-01,1752.6,1751.4174,90.9737,12.94,131.97,13987717.45,1097975.01,0.213,,,2023-06-26T00:00:00,24.1005,survey_station,Universal Transverse Mercator (US Survey Feet) / NAD83 Utah - HARN / Zone 12N (114 W to 108 W),,ft,ft*0.3048;dls*0.3 (v1.1.0),16B(78)-32 Final Survey Report.txt,PUBLIC_REAL
FORGE16B7832-01,1760.22,1758.8393,98.3955,13.32,131.34,13987713.67,1097979.26,0.486,,,2023-06-26T00:00:00,25.6733,survey_station,Universal Transverse Mercator (US Survey Feet) / NAD83 Utah - HARN / Zone 12N (114 W to 108 W),,ft,ft*0.3048;dls*0.3 (v1.1.0),16B(78)-32 Final Survey Report.txt,PUBLIC_REAL
FORGE16B7832-01,1767.84,1766.2489,105.8052,13.57,131.01,13987709.84,1097983.63,0.315,,,2023-06-26T00:00:00,27.2887,survey_station,Universal Transverse Mercator (US Survey Feet) / NAD83 Utah - HARN / Zone 12N (114 W to 108 W),,ft,ft*0.3048;dls*0.3 (v1.1.0),16B(78)-32 Final Survey Report.txt,PUBLIC_REAL
FORGE16B7832-01,1775.46,1773.6464,113.2027,14.14,130.26,13987705.95,1097988.17,0.717,,,2023-06-26T00:00:00,28.956,survey_station,Universal Transverse Mercator (US Survey Feet) / NAD83 Utah - HARN / Zone 12N (114 W to 108 W),,ft,ft*0.3048;dls*0.3 (v1.1.0),16B(78)-32 Final Survey Report.txt,PUBLIC_REAL
FORGE16B7832-01,1783.08,1781.0226,120.5789,15.03,129.35,13987701.92,1097993.01,1.104,,,2023-06-26T00:00:00,30.7238,survey_station,Universal Transverse Mercator (US Survey Feet) / NAD83 Utah - HARN / Zone 12N (114 W to 108 W),,ft,ft*0.3048;dls*0.3 (v1.1.0),16B(78)-32 Final Survey Report.txt,PUBLIC_REAL
FORGE16B7832-01,1790.7,1788.3561,127.9124,16.43,127.94,13987697.69,1097998.31,1.74,,,2023-06-26T00:00:00,32.641,survey_station,Universal Transverse Mercator (US Survey Feet) / NAD83 Utah - HARN / Zone 12N (114 W to 108 W),,ft,ft*0.3048;dls*0.3 (v1.1.0),16B(78)-32 Final Survey Report.txt,PUBLIC_REAL
FORGE16B7832-01,1798.32,1795.6439,135.2001,17.59,126.76,13987693.25,1098004.12,1.452,,,2023-06-26T00:00:00,34.732,survey_station,Universal Transverse Mercator (US Survey Feet) / NAD83 Utah - HARN / Zone 12N (114 W to 108 W),,ft,ft*0.3048;dls*0.3 (v1.1.0),16B(78)-32 Final Survey Report.txt,PUBLIC_REAL
FORGE16B7832-01,1805.94,1802.8676,142.4239,19.51,125.12,13987688.59,1098010.56,2.388,,,2023-06-26T00:00:00,37.021,survey_station,Universal Transverse Mercator (US Survey Feet) / NAD83 Utah - HARN / Zone 12N (114 W to 108 W),,ft,ft*0.3048;dls*0.3 (v1.1.0),16B(78)-32 Final Survey Report.txt,PUBLIC_REAL
FORGE16B7832-01,1813.56,1810.0091,149.5654,21.32,123.21,13987683.7,1098017.78,2.313,,,2023-06-26T00:00:00,39.56,survey_station,Universal Transverse Mercator (US Survey Feet) / NAD83 Utah - HARN / Zone 12N (114 W to 108 W),,ft,ft*0.3048;dls*0.3 (v1.1.0),16B(78)-32 Final Survey Report.txt,PUBLIC_REAL
FORGE16B7832-01,1821.18,1817.0835,156.6398,22.24,121.77,13987678.72,1098025.61,1.278,,,2023-06-26T00:00:00,42.2819,survey_station,Universal Transverse Mercator (US Survey Feet) / NAD83 Utah - HARN / Zone 12N (114 W to 108 W),,ft,ft*0.3048;dls*0.3 (v1.1.0),16B(78)-32 Final Survey Report.txt,PUBLIC_REAL
FORGE16B7832-01,1828.8,1824.1274,163.6837,22.68,120.17,13987673.81,1098033.8,0.903,,,2023-06-26T00:00:00,45.1043,survey_station,Universal Transverse Mercator (US Survey Feet) / NAD83 Utah - HARN / Zone 12N (114 W to 108 W),,ft,ft*0.3048;dls*0.3 (v1.1.0),16B(78)-32 Final Survey Report.txt,PUBLIC_REAL
FORGE16B7832-01,1836.42,1831.1348,170.691,23.51,117.92,13987669.05,1098042.37,1.455,,,2023-06-26T00:00:00,48.0273,survey_station,Universal Transverse Mercator (US Survey Feet) / NAD83 Utah - HARN / Zone 12N (114 W to 108 W),,ft,ft*0.3048;dls*0.3 (v1.1.0),16B(78)-32 Final Survey Report.txt,PUBLIC_REAL
FORGE16B7832-01,1844.04,1838.1055,177.6618,24.17,115.17,13987664.54,1098051.41,1.551,,,2023-06-26T00:00:00,51.0601,survey_station,Universal Transverse Mercator (US Survey Feet) / NAD83 Utah - HARN / Zone 12N (114 W to 108 W),,ft,ft*0.3048;dls*0.3 (v1.1.0),16B(78)-32 Final Survey Report.txt,PUBLIC_REAL
FORGE16B7832-01,1851.66,1845.0397,184.596,24.86,114.22,13987660.2,1098060.83,0.954,,,2023-06-26T00:00:00,54.1934,survey_station,Universal Transverse Mercator (US Survey Feet) / NAD83 Utah - HARN / Zone 12N (114 W to 108 W),,ft,ft*0.3048;dls*0.3 (v1.1.0),16B(78)-32 Final Survey Report.txt,PUBLIC_REAL
FORGE16B7832-01,1859.28,1851.9374,191.4936,25.39,113.55,13987655.91,1098070.54,0.723,,,2023-06-26T00:00:00,57.406,survey_station,Universal Transverse Mercator (US Survey Feet) / NAD83 Utah - HARN / Zone 12N (114 W to 108 W),,ft,ft*0.3048;dls*0.3 (v1.1.0),16B(78)-32 Final Survey Report.txt,PUBLIC_REAL
FORGE16B7832-01,1866.9,1858.8045,198.3608,26,112.81,13987651.64,1098080.5,0.828,,,2023-06-26T00:00:00,60.6887,survey_station,Universal Transverse Mercator (US Survey Feet) / NAD83 Utah - HARN / Zone 12N (114 W to 108 W),,ft,ft*0.3048;dls*0.3 (v1.1.0),16B(78)-32 Final Survey Report.txt,PUBLIC_REAL
FORGE16B7832-01,1874.52,1865.6412,205.1975,26.44,112.75,13987647.36,1098090.69,0.528,,,2023-06-26T00:00:00,64.0354,survey_station,Universal Transverse Mercator (US Survey Feet) / NAD83 Utah - HARN / Zone 12N (114 W to 108 W),,ft,ft*0.3048;dls*0.3 (v1.1.0),16B(78)-32 Final Survey Report.txt,PUBLIC_REAL
FORGE16B7832-01,1882.14,1872.4504,212.0067,26.83,112.51,13987643.05,1098101.03,0.486,,,2023-06-26T00:00:00,67.437,survey_station,Universal Transverse Mercator (US Survey Feet) / NAD83 Utah - HARN / Zone 12N (114 W to 108 W),,ft,ft*0.3048;dls*0.3 (v1.1.0),16B(78)-32 Final Survey Report.txt,PUBLIC_REAL
FORGE16B7832-01,1889.76,1879.2261,218.7824,27.64,112.69,13987638.66,1098111.59,0.978,,,2023-06-26T00:00:00,70.9056,survey_station,Universal Transverse Mercator (US Survey Feet) / NAD83 Utah - HARN / Zone 12N (114 W to 108 W),,ft,ft*0.3048;dls*0.3 (v1.1.0),16B(78)-32 Final Survey Report.txt,PUBLIC_REAL
FORGE16B7832-01,1897.38,1885.953,225.5093,28.43,112.24,13987634.17,1098122.45,0.981,,,2023-06-26T00:00:00,74.4687,survey_station,Universal Transverse Mercator (US Survey Feet) / NAD83 Utah - HARN / Zone 12N (114 W to 108 W),,ft,ft*0.3048;dls*0.3 (v1.1.0),16B(78)-32 Final Survey Report.txt,PUBLIC_REAL
FORGE16B7832-01,1905,1892.6251,232.1814,29.28,112.36,13987629.59,1098133.61,1.023,,,2023-06-26T00:00:00,78.1294,survey_station,Universal Transverse Mercator (US Survey Feet) / NAD83 Utah - HARN / Zone 12N (114 W to 108 W),,ft,ft*0.3048;dls*0.3 (v1.1.0),16B(78)-32 Final Survey Report.txt,PUBLIC_REAL
FORGE16B7832-01,1912.62,1899.2332,238.7895,30.5,112.61,13987624.82,1098145.13,1.473,,,2023-06-26T00:00:00,81.9089,survey_station,Universal Transverse Mercator (US Survey Feet) / NAD83 Utah - HARN / Zone 12N (114 W to 108 W),,ft,ft*0.3048;dls*0.3 (v1.1.0),16B(78)-32 Final Survey Report.txt,PUBLIC_REAL
FORGE16B7832-01,1920.24,1905.7559,245.3122,31.74,112.75,13987619.84,1098157.05,1.491,,,2023-06-26T00:00:00,85.8256,survey_station,Universal Transverse Mercator (US Survey Feet) / NAD83 Utah - HARN / Zone 12N (114 W to 108 W),,ft,ft*0.3048;dls*0.3 (v1.1.0),16B(78)-32 Final Survey Report.txt,PUBLIC_REAL
FORGE16B7832-01,1927.86,1912.1811,251.7374,33.33,112.67,13987614.65,1098169.45,1.908,,,2023-06-26T00:00:00,89.9038,survey_station,Universal Transverse Mercator (US Survey Feet) / NAD83 Utah - HARN / Zone 12N (114 W to 108 W),,ft,ft*0.3048;dls*0.3 (v1.1.0),16B(78)-32 Final Survey Report.txt,PUBLIC_REAL
FORGE16B7832-01,1935.48,1918.5057,258.062,34.45,112.7,13987609.27,1098182.31,1.344,,,2023-06-26T00:00:00,94.1314,survey_station,Universal Transverse Mercator (US Survey Feet) / NAD83 Utah - HARN / Zone 12N (114 W to 108 W),,ft,ft*0.3048;dls*0.3 (v1.1.0),16B(78)-32 Final Survey Report.txt,PUBLIC_REAL
FORGE16B7832-01,1943.1,1924.7328,264.289,35.95,112.89,13987603.69,1098195.6,1.806,,,2023-06-26T00:00:00,98.4992,survey_station,Universal Transverse Mercator (US Survey Feet) / NAD83 Utah - HARN / Zone 12N (114 W to 108 W),,ft,ft*0.3048;dls*0.3 (v1.1.0),16B(78)-32 Final Survey Report.txt,PUBLIC_REAL
FORGE16B7832-01,1950.72,1930.844,270.4003,37.34,113.25,13987597.84,1098209.32,1.689,,,2023-06-26T00:00:00,103.0194,survey_station,Universal Transverse Mercator (US Survey Feet) / NAD83 Utah - HARN / Zone 12N (114 W to 108 W),,ft,ft*0.3048;dls*0.3 (v1.1.0),16B(78)-32 Final Survey Report.txt,PUBLIC_REAL
FORGE16B7832-01,1958.34,1936.8638,276.4201,38.33,113.65,13987591.74,1098223.39,1.224,,,2023-06-26T00:00:00,107.6645,survey_station,Universal Transverse Mercator (US Survey Feet) / NAD83 Utah - HARN / Zone 12N (114 W to 108 W),,ft,ft*0.3048;dls*0.3 (v1.1.0),16B(78)-32 Final Survey Report.txt,PUBLIC_REAL
FORGE16B7832-01,1965.96,1942.8043,282.3606,39.22,114.66,13987585.33,1098237.68,1.311,,,2023-06-26T00:00:00,112.395,survey_station,Universal Transverse Mercator (US Survey Feet) / NAD83 Utah - HARN / Zone 12N (114 W to 108 W),,ft,ft*0.3048;dls*0.3 (v1.1.0),16B(78)-32 Final Survey Report.txt,PUBLIC_REAL
FORGE16B7832-01,1973.58,1948.6717,288.228,40.08,115.86,13987578.52,1098252.1,1.383,,,2023-06-26T00:00:00,117.2047,survey_station,Universal Transverse Mercator (US Survey Feet) / NAD83 Utah - HARN / Zone 12N (114 W to 108 W),,ft,ft*0.3048;dls*0.3 (v1.1.0),16B(78)-32 Final Survey Report.txt,PUBLIC_REAL
FORGE16B7832-01,1981.2,1954.4203,293.9766,41.96,116.75,13987571.25,1098266.81,2.361,,,2023-06-26T00:00:00,122.1395,survey_station,Universal Transverse Mercator (US Survey Feet) / NAD83 Utah - HARN / Zone 12N (114 W to 108 W),,ft,ft*0.3048;dls*0.3 (v1.1.0),16B(78)-32 Final Survey Report.txt,PUBLIC_REAL
FORGE16B7832-01,1988.82,1960.0073,299.5635,43.71,117.49,13987563.5,1098281.93,2.184,,,2023-06-26T00:00:00,127.2357,survey_station,Universal Transverse Mercator (US Survey Feet) / NAD83 Utah - HARN / Zone 12N (114 W to 108 W),,ft,ft*0.3048;dls*0.3 (v1.1.0),16B(78)-32 Final Survey Report.txt,PUBLIC_REAL
FORGE16B7832-01,1996.44,1965.4571,305.0134,44.97,117.96,13987555.37,1098297.4,1.563,,,2023-06-26T00:00:00,132.4661,survey_station,Universal Transverse Mercator (US Survey Feet) / NAD83 Utah - HARN / Zone 12N (114 W to 108 W),,ft,ft*0.3048;dls*0.3 (v1.1.0),16B(78)-32 Final Survey Report.txt,PUBLIC_REAL
FORGE16B7832-01,2004.06,1970.8002,310.3565,45.99,117.69,13987547.05,1098313.16,1.245,,,2023-06-26T00:00:00,137.8001,survey_station,Universal Transverse Mercator (US Survey Feet) / NAD83 Utah - HARN / Zone 12N (114 W to 108 W),,ft,ft*0.3048;dls*0.3 (v1.1.0),16B(78)-32 Final Survey Report.txt,PUBLIC_REAL
FORGE16B7832-01,2011.68,1976.0458,315.6021,47.03,117.17,13987538.7,1098329.26,1.329,,,2023-06-26T00:00:00,143.2347,survey_station,Universal Transverse Mercator (US Survey Feet) / NAD83 Utah - HARN / Zone 12N (114 W to 108 W),,ft,ft*0.3048;dls*0.3 (v1.1.0),16B(78)-32 Final Survey Report.txt,PUBLIC_REAL
FORGE16B7832-01,2019.3,1981.2305,320.7868,47.18,116.36,13987530.45,1098345.62,0.735,,,2023-06-26T00:00:00,148.7333,survey_station,Universal Transverse Mercator (US Survey Feet) / NAD83 Utah - HARN / Zone 12N (114 W to 108 W),,ft,ft*0.3048;dls*0.3 (v1.1.0),16B(78)-32 Final Survey Report.txt,PUBLIC_REAL
FORGE16B7832-01,2026.92,1986.4243,325.9806,46.87,114.8,13987522.55,1098362.11,1.419,,,2023-06-26T00:00:00,154.244,survey_station,Universal Transverse Mercator (US Survey Feet) / NAD83 Utah - HARN / Zone 12N (114 W to 108 W),,ft,ft*0.3048;dls*0.3 (v1.1.0),16B(78)-32 Final Survey Report.txt,PUBLIC_REAL
FORGE16B7832-01,2034.54,1991.6424,331.1987,46.72,113.29,13987515.13,1098378.75,1.332,,,2023-06-26T00:00:00,159.7518,survey_station,Universal Transverse Mercator (US Survey Feet) / NAD83 Utah - HARN / Zone 12N (114 W to 108 W),,ft,ft*0.3048;dls*0.3 (v1.1.0),16B(78)-32 Final Survey Report.txt,PUBLIC_REAL
FORGE16B7832-01,2042.16,1996.8393,336.3956,47.29,112.19,13987508.06,1098395.62,1.182,,,2023-06-26T00:00:00,165.2961,survey_station,Universal Transverse Mercator (US Survey Feet) / NAD83 Utah - HARN / Zone 12N (114 W to 108 W),,ft,ft*0.3048;dls*0.3 (v1.1.0),16B(78)-32 Final Survey Report.txt,PUBLIC_REAL
FORGE16B7832-01,2049.78,2001.9538,341.5101,48.37,111.94,13987501.1,1098412.79,1.314,,,2023-06-26T00:00:00,170.9196,survey_station,Universal Transverse Mercator (US Survey Feet) / NAD83 Utah - HARN / Zone 12N (114 W to 108 W),,ft,ft*0.3048;dls*0.3 (v1.1.0),16B(78)-32 Final Survey Report.txt,PUBLIC_REAL
FORGE16B7832-01,2057.4,2006.9465,346.5027,49.8,112,13987494.03,1098430.31,1.716,,,2023-06-26T00:00:00,176.656,survey_station,Universal Transverse Mercator (US Survey Feet) / NAD83 Utah - HARN / Zone 12N (114 W to 108 W),,ft,ft*0.3048;dls*0.3 (v1.1.0),16B(78)-32 Final Survey Report.txt,PUBLIC_REAL
FORGE16B7832-01,2065.02,2011.7471,351.3033,52.04,111.64,13987486.82,1098448.32,2.709,,,2023-06-26T00:00:00,182.5478,survey_station,Universal Transverse Mercator (US Survey Feet) / NAD83 Utah - HARN / Zone 12N (114 W to 108 W),,ft,ft*0.3048;dls*0.3 (v1.1.0),16B(78)-32 Final Survey Report.txt,PUBLIC_REAL
FORGE16B7832-01,2072.64,2016.3038,355.8601,54.52,109.48,13987479.79,1098467.09,3.63,,,2023-06-26T00:00:00,188.6438,survey_station,Universal Transverse Mercator (US Survey Feet) / NAD83 Utah - HARN / Zone 12N (114 W to 108 W),,ft,ft*0.3048;dls*0.3 (v1.1.0),16B(78)-32 Final Survey Report.txt,PUBLIC_REAL
FORGE16B7832-01,2080.26,2020.6137,360.17,56.63,107.12,13987473.32,1098486.66,3.444,,,2023-06-26T00:00:00,194.9257,survey_station,Universal Transverse Mercator (US Survey Feet) / NAD83 Utah - HARN / Zone 12N (114 W to 108 W),,ft,ft*0.3048;dls*0.3 (v1.1.0),16B(78)-32 Final Survey Report.txt,PUBLIC_REAL
FORGE16B7832-01,2082.0705,2021.5982,361.1545,57.38,106.66,13987471.87,1098491.43,4.254,,,2023-06-26T00:00:00,196.4436,survey_station,Universal Transverse Mercator (US Survey Feet) / NAD83 Utah - HARN / Zone 12N (114 W to 108 W),,ft,ft*0.3048;dls*0.3 (v1.1.0),16B(78)-32 Final Survey Report.txt,PUBLIC_REAL
FORGE16B7832-01,2087.88,2024.6249,364.1811,59.8,105.25,13987467.41,1098507.07,4.254,,,2023-06-26T00:00:00,201.3996,survey_station,Universal Transverse Mercator (US Survey Feet) / NAD83 Utah - HARN / Zone 12N (114 W to 108 W),,ft,ft*0.3048;dls*0.3 (v1.1.0),16B(78)-32 Final Survey Report.txt,PUBLIC_REAL
FORGE16B7832-01,2089.8582,2025.6124,365.1687,60.29,104.83,13987465.95,1098512.5,2.835,,,2023-06-26T00:00:00,203.1126,survey_station,Universal Transverse Mercator (US Survey Feet) / NAD83 Utah - HARN / Zone 12N (114 W to 108 W),,ft,ft*0.3048;dls*0.3 (v1.1.0),16B(78)-32 Final Survey Report.txt,PUBLIC_REAL
FORGE16B7832-01,2095.5,2028.3495,367.9058,61.7,103.64,13987461.97,1098528.19,2.835,,,2023-06-26T00:00:00,208.0443,survey_station,Universal Transverse Mercator (US Survey Feet) / NAD83 Utah - HARN / Zone 12N (114 W to 108 W),,ft,ft*0.3048;dls*0.3 (v1.1.0),16B(78)-32 Final Survey Report.txt,PUBLIC_REAL
FORGE16B7832-01,2103.12,2031.9157,371.472,62.5,102.69,13987456.94,1098549.7,1.392,,,2023-06-26T00:00:00,214.7621,survey_station,Universal Transverse Mercator (US Survey Feet) / NAD83 Utah - HARN / Zone 12N (114 W to 108 W),,ft,ft*0.3048;dls*0.3 (v1.1.0),16B(78)-32 Final Survey Report.txt,PUBLIC_REAL
FORGE16B7832-01,2110.74,2035.3599,374.9162,63.76,102.36,13987452.1,1098571.47,1.554,,,2023-06-26T00:00:00,221.5408,survey_station,Universal Transverse Mercator (US Survey Feet) / NAD83 Utah - HARN / Zone 12N (114 W to 108 W),,ft,ft*0.3048;dls*0.3 (v1.1.0),16B(78)-32 Final Survey Report.txt,PUBLIC_REAL
FORGE16B7832-01,2118.36,2038.6914,378.2477,64.35,102.72,13987447.22,1098593.42,0.807,,,2023-06-26T00:00:00,228.3744,survey_station,Universal Transverse Mercator (US Survey Feet) / NAD83 Utah - HARN / Zone 12N (114 W to 108 W),,ft,ft*0.3048;dls*0.3 (v1.1.0),16B(78)-32 Final Survey Report.txt,PUBLIC_REAL
FORGE16B7832-01,2125.98,2041.8308,381.3871,66.98,102.8,13987442.19,1098615.63,3.156,,,2023-06-26T00:00:00,235.2995,survey_station,Universal Transverse Mercator (US Survey Feet) / NAD83 Utah - HARN / Zone 12N (114 W to 108 W),,ft,ft*0.3048;dls*0.3 (v1.1.0),16B(78)-32 Final Survey Report.txt,PUBLIC_REAL
FORGE16B7832-01,2133.6,2044.7752,384.3315,67.6,102.74,13987437.09,1098638.12,0.747,,,2023-06-26T00:00:00,242.3099,survey_station,Universal Transverse Mercator (US Survey Feet) / NAD83 Utah - HARN / Zone 12N (114 W to 108 W),,ft,ft*0.3048;dls*0.3 (v1.1.0),16B(78)-32 Final Survey Report.txt,PUBLIC_REAL
FORGE16B7832-01,2141.22,2047.6494,387.2057,68.06,102.68,13987432,1098660.71,0.555,,,2023-06-26T00:00:00,249.3477,survey_station,Universal Transverse Mercator (US Survey Feet) / NAD83 Utah - HARN / Zone 12N (114 W to 108 W),,ft,ft*0.3048;dls*0.3 (v1.1.0),16B(78)-32 Final Survey Report.txt,PUBLIC_REAL
FORGE16B7832-01,2148.84,2050.5054,390.0617,67.92,102.56,13987426.93,1098683.32,0.216,,,2023-06-26T00:00:00,256.3917,survey_station,Universal Transverse Mercator (US Survey Feet) / NAD83 Utah - HARN / Zone 12N (114 W to 108 W),,ft,ft*0.3048;dls*0.3 (v1.1.0),16B(78)-32 Final Survey Report.txt,PUBLIC_REAL
FORGE16B7832-01,2156.46,2053.3705,392.9268,67.88,102.68,13987421.87,1098705.93,0.141,,,2023-06-26T00:00:00,263.4325,survey_station,Universal Transverse Mercator (US Survey Feet) / NAD83 Utah - HARN / Zone 12N (114 W to 108 W),,ft,ft*0.3048;dls*0.3 (v1.1.0),16B(78)-32 Final Survey Report.txt,PUBLIC_REAL
FORGE16B7832-01,2164.08,2056.2296,395.7858,68.05,102.94,13987416.73,1098728.53,0.354,,,2023-06-26T00:00:00,270.4795,survey_station,Universal Transverse Mercator (US Survey Feet) / NAD83 Utah - HARN / Zone 12N (114 W to 108 W),,ft,ft*0.3048;dls*0.3 (v1.1.0),16B(78)-32 Final Survey Report.txt,PUBLIC_REAL
FORGE16B7832-01,2171.7,2059.0947,398.651,67.8,102.88,13987411.56,1098751.11,0.306,,,2023-06-26T00:00:00,277.5234,survey_station,Universal Transverse Mercator (US Survey Feet) / NAD83 Utah - HARN / Zone 12N (114 W to 108 W),,ft,ft*0.3048;dls*0.3 (v1.1.0),16B(78)-32 Final Survey Report.txt,PUBLIC_REAL
FORGE16B7832-01,2179.32,2061.9537,401.51,68.12,102.52,13987406.46,1098773.71,0.555,,,2023-06-26T00:00:00,284.5704,survey_station,Universal Transverse Mercator (US Survey Feet) / NAD83 Utah - HARN / Zone 12N (114 W to 108 W),,ft,ft*0.3048;dls*0.3 (v1.1.0),16B(78)-32 Final Survey Report.txt,PUBLIC_REAL
FORGE16B7832-01,2186.94,2064.8097,404.366,67.88,102.55,13987401.43,1098796.34,0.291,,,2023-06-26T00:00:00,291.6144,survey_station,Universal Transverse Mercator (US Survey Feet) / NAD83 Utah - HARN / Zone 12N (114 W to 108 W),,ft,ft*0.3048;dls*0.3 (v1.1.0),16B(78)-32 Final Survey Report.txt,PUBLIC_REAL
FORGE16B7832-01,2194.56,2067.7114,407.2677,67.35,102.18,13987396.48,1098818.92,0.756,,,2023-06-26T00:00:00,298.64,survey_station,Universal Transverse Mercator (US Survey Feet) / NAD83 Utah - HARN / Zone 12N (114 W to 108 W),,ft,ft*0.3048;dls*0.3 (v1.1.0),16B(78)-32 Final Survey Report.txt,PUBLIC_REAL
FORGE16B7832-01,2202.18,2070.6984,410.2547,66.47,102.16,13987391.63,1098841.4,1.056,,,2023-06-26T00:00:00,305.626,survey_station,Universal Transverse Mercator (US Survey Feet) / NAD83 Utah - HARN / Zone 12N (114 W to 108 W),,ft,ft*0.3048;dls*0.3 (v1.1.0),16B(78)-32 Final Survey Report.txt,PUBLIC_REAL
FORGE16B7832-01,2209.8,2073.7678,413.324,66.03,102.55,13987386.74,1098863.75,0.681,,,2023-06-26T00:00:00,312.5785,survey_station,Universal Transverse Mercator (US Survey Feet) / NAD83 Utah - HARN / Zone 12N (114 W to 108 W),,ft,ft*0.3048;dls*0.3 (v1.1.0),16B(78)-32 Final Survey Report.txt,PUBLIC_REAL
FORGE16B7832-01,2217.42,2076.8859,416.4421,65.66,102.97,13987381.7,1098886,0.639,,,2023-06-26T00:00:00,319.5127,survey_station,Universal Transverse Mercator (US Survey Feet) / NAD83 Utah - HARN / Zone 12N (114 W to 108 W),,ft,ft*0.3048;dls*0.3 (v1.1.0),16B(78)-32 Final Survey Report.txt,PUBLIC_REAL
FORGE16B7832-01,2225.04,2079.9704,419.5267,66.58,103.11,13987376.54,1098908.27,1.116,,,2023-06-26T00:00:00,326.4652,survey_station,Universal Transverse Mercator (US Survey Feet) / NAD83 Utah - HARN / Zone 12N (114 W to 108 W),,ft,ft*0.3048;dls*0.3 (v1.1.0),16B(78)-32 Final Survey Report.txt,PUBLIC_REAL
FORGE16B7832-01,2232.66,2082.9819,422.5381,66.87,102.76,13987371.4,1098930.65,0.519,,,2023-06-26T00:00:00,333.4482,survey_station,Universal Transverse Mercator (US Survey Feet) / NAD83 Utah - HARN / Zone 12N (114 W to 108 W),,ft,ft*0.3048;dls*0.3 (v1.1.0),16B(78)-32 Final Survey Report.txt,PUBLIC_REAL
FORGE16B7832-01,2240.28,2085.9872,425.5435,66.65,102.48,13987366.38,1098953.07,0.405,,,2023-06-26T00:00:00,340.4311,survey_station,Universal Transverse Mercator (US Survey Feet) / NAD83 Utah - HARN / Zone 12N (114 W to 108 W),,ft,ft*0.3048;dls*0.3 (v1.1.0),16B(78)-32 Final Survey Report.txt,PUBLIC_REAL
FORGE16B7832-01,2247.9,2089.0139,428.5701,66.57,102.48,13987361.42,1098975.47,0.096,,,2023-06-26T00:00:00,347.4049,survey_station,Universal Transverse Mercator (US Survey Feet) / NAD83 Utah - HARN / Zone 12N (114 W to 108 W),,ft,ft*0.3048;dls*0.3 (v1.1.0),16B(78)-32 Final Survey Report.txt,PUBLIC_REAL
FORGE16B7832-01,2255.52,2092.071,431.6273,66.12,102.77,13987356.42,1098997.82,0.627,,,2023-06-26T00:00:00,354.3666,survey_station,Universal Transverse Mercator (US Survey Feet) / NAD83 Utah - HARN / Zone 12N (114 W to 108 W),,ft,ft*0.3048;dls*0.3 (v1.1.0),16B(78)-32 Final Survey Report.txt,PUBLIC_REAL
FORGE16B7832-01,2263.14,2095.1586,434.7149,66.07,103.34,13987351.26,1099020.08,0.627,,,2023-06-26T00:00:00,361.316,survey_station,Universal Transverse Mercator (US Survey Feet) / NAD83 Utah - HARN / Zone 12N (114 W to 108 W),,ft,ft*0.3048;dls*0.3 (v1.1.0),16B(78)-32 Final Survey Report.txt,PUBLIC_REAL
FORGE16B7832-01,2270.76,2098.2798,437.8361,65.57,103.89,13987345.89,1099042.25,0.849,,,2023-06-26T00:00:00,368.2563,survey_station,Universal Transverse Mercator (US Survey Feet) / NAD83 Utah - HARN / Zone 12N (114 W to 108 W),,ft,ft*0.3048;dls*0.3 (v1.1.0),16B(78)-32 Final Survey Report.txt,PUBLIC_REAL
FORGE16B7832-01,2278.38,2101.4436,440.9999,65.39,104.2,13987340.37,1099064.31,0.402,,,2023-06-26T00:00:00,375.1814,survey_station,Universal Transverse Mercator (US Survey Feet) / NAD83 Utah - HARN / Zone 12N (114 W to 108 W),,ft,ft*0.3048;dls*0.3 (v1.1.0),16B(78)-32 Final Survey Report.txt,PUBLIC_REAL
FORGE16B7832-01,2286,2104.6288,444.185,65.17,103.95,13987334.85,1099086.34,0.378,,,2023-06-26T00:00:00,382.0942,survey_station,Universal Transverse Mercator (US Survey Feet) / NAD83 Utah - HARN / Zone 12N (114 W to 108 W),,ft,ft*0.3048;dls*0.3 (v1.1.0),16B(78)-32 Final Survey Report.txt,PUBLIC_REAL
FORGE16B7832-01,2293.62,2107.8078,447.3641,65.49,103.5,13987329.46,1099108.41,0.624,,,2023-06-26T00:00:00,389.0101,survey_station,Universal Transverse Mercator (US Survey Feet) / NAD83 Utah - HARN / Zone 12N (114 W to 108 W),,ft,ft*0.3048;dls*0.3 (v1.1.0),16B(78)-32 Final Survey Report.txt,PUBLIC_REAL
FORGE16B7832-01,2301.24,2110.9564,450.5127,65.7,103.44,13987324.15,1099130.55,0.261,,,2023-06-26T00:00:00,395.9352,survey_station,Universal Transverse Mercator (US Survey Feet) / NAD83 Utah - HARN / Zone 12N (114 W to 108 W),,ft,ft*0.3048;dls*0.3 (v1.1.0),16B(78)-32 Final Survey Report.txt,PUBLIC_REAL
FORGE16B7832-01,2308.86,2114.1019,453.6582,65.58,103.96,13987318.76,1099152.68,0.585,,,2023-06-26T00:00:00,402.8664,survey_station,Universal Transverse Mercator (US Survey Feet) / NAD83 Utah - HARN / Zone 12N (114 W to 108 W),,ft,ft*0.3048;dls*0.3 (v1.1.0),16B(78)-32 Final Survey Report.txt,PUBLIC_REAL
FORGE16B7832-01,2316.48,2117.2322,456.7885,65.87,104.18,13987313.22,1099174.78,0.423,,,2023-06-26T00:00:00,409.8066,survey_station,Universal Transverse Mercator (US Survey Feet) / NAD83 Utah - HARN / Zone 12N (114 W to 108 W),,ft,ft*0.3048;dls*0.3 (v1.1.0),16B(78)-32 Final Survey Report.txt,PUBLIC_REAL
FORGE16B7832-01,2324.1,2120.3046,459.8609,66.57,104.35,13987307.58,1099196.95,0.861,,,2023-06-26T00:00:00,416.7713,survey_station,Universal Transverse Mercator (US Survey Feet) / NAD83 Utah - HARN / Zone 12N (114 W to 108 W),,ft,ft*0.3048;dls*0.3 (v1.1.0),16B(78)-32 Final Survey Report.txt,PUBLIC_REAL
FORGE16B7832-01,2331.72,2123.2978,462.854,67.21,104.31,13987301.89,1099219.23,0.768,,,2023-06-26T00:00:00,423.7726,survey_station,Universal Transverse Mercator (US Survey Feet) / NAD83 Utah - HARN / Zone 12N (114 W to 108 W),,ft,ft*0.3048;dls*0.3 (v1.1.0),16B(78)-32 Final Survey Report.txt,PUBLIC_REAL
FORGE16B7832-01,2339.34,2126.2269,465.7832,67.56,104.3,13987296.19,1099241.6,0.42,,,2023-06-26T00:00:00,430.8013,survey_station,Universal Transverse Mercator (US Survey Feet) / NAD83 Utah - HARN / Zone 12N (114 W to 108 W),,ft,ft*0.3048;dls*0.3 (v1.1.0),16B(78)-32 Final Survey Report.txt,PUBLIC_REAL
FORGE16B7832-01,2346.96,2129.0067,468.5629,69.65,104.16,13987290.47,1099264.16,2.514,,,2023-06-26T00:00:00,437.8879,survey_station,Universal Transverse Mercator (US Survey Feet) / NAD83 Utah - HARN / Zone 12N (114 W to 108 W),,ft,ft*0.3048;dls*0.3 (v1.1.0),16B(78)-32 Final Survey Report.txt,PUBLIC_REAL
FORGE16B7832-01,2354.58,2131.6493,471.2056,69.76,103.84,13987284.79,1099286.91,0.384,,,2023-06-26T00:00:00,445.0263,survey_station,Universal Transverse Mercator (US Survey Feet) / NAD83 Utah - HARN / Zone 12N (114 W to 108 W),,ft,ft*0.3048;dls*0.3 (v1.1.0),16B(78)-32 Final Survey Report.txt,PUBLIC_REAL
FORGE16B7832-01,2362.2,2134.2279,473.7842,70.67,103.53,13987279.23,1099309.76,1.146,,,2023-06-26T00:00:00,452.183,survey_station,Universal Transverse Mercator (US Survey Feet) / NAD83 Utah - HARN / Zone 12N (114 W to 108 W),,ft,ft*0.3048;dls*0.3 (v1.1.0),16B(78)-32 Final Survey Report.txt,PUBLIC_REAL
FORGE16B7832-01,2369.82,2136.7272,476.2835,71.05,103.28,13987273.75,1099332.74,0.537,,,2023-06-26T00:00:00,459.3702,survey_station,Universal Transverse Mercator (US Survey Feet) / NAD83 Utah - HARN / Zone 12N (114 W to 108 W),,ft,ft*0.3048;dls*0.3 (v1.1.0),16B(78)-32 Final Survey Report.txt,PUBLIC_REAL
FORGE16B7832-01,2377.44,2139.2815,478.8378,69.78,103.19,13987268.36,1099355.67,1.527,,,2023-06-26T00:00:00,466.536,survey_station,Universal Transverse Mercator (US Survey Feet) / NAD83 Utah - HARN / Zone 12N (114 W to 108 W),,ft,ft*0.3048;dls*0.3 (v1.1.0),16B(78)-32 Final Survey Report.txt,PUBLIC_REAL
FORGE16B7832-01,2385.06,2141.9729,481.5291,68.87,103.32,13987263,1099378.43,1.101,,,2023-06-26T00:00:00,473.6501,survey_station,Universal Transverse Mercator (US Survey Feet) / NAD83 Utah - HARN / Zone 12N (114 W to 108 W),,ft,ft*0.3048;dls*0.3 (v1.1.0),16B(78)-32 Final Survey Report.txt,PUBLIC_REAL
FORGE16B7832-01,2392.68,2144.7831,484.3394,67.82,103.5,13987257.61,1099401.04,1.275,,,2023-06-26T00:00:00,480.7184,survey_station,Universal Transverse Mercator (US Survey Feet) / NAD83 Utah - HARN / Zone 12N (114 W to 108 W),,ft,ft*0.3048;dls*0.3 (v1.1.0),16B(78)-32 Final Survey Report.txt,PUBLIC_REAL
FORGE16B7832-01,2400.3,2147.6848,487.2411,67.4,103.52,13987252.21,1099423.51,0.504,,,2023-06-26T00:00:00,487.7532,survey_station,Universal Transverse Mercator (US Survey Feet) / NAD83 Utah - HARN / Zone 12N (114 W to 108 W),,ft,ft*0.3048;dls*0.3 (v1.1.0),16B(78)-32 Final Survey Report.txt,PUBLIC_REAL
FORGE16B7832-01,2407.92,2150.6718,490.2281,66.47,103.33,13987246.87,1099445.88,1.137,,,2023-06-26T00:00:00,494.7514,survey_station,Universal Transverse Mercator (US Survey Feet) / NAD83 Utah - HARN / Zone 12N (114 W to 108 W),,ft,ft*0.3048;dls*0.3 (v1.1.0),16B(78)-32 Final Survey Report.txt,PUBLIC_REAL
FORGE16B7832-01,2415.54,2153.7869,493.3432,65.25,103.06,13987241.66,1099468.09,1.494,,,2023-06-26T00:00:00,501.6917,survey_station,Universal Transverse Mercator (US Survey Feet) / NAD83 Utah - HARN / Zone 12N (114 W to 108 W),,ft,ft*0.3048;dls*0.3 (v1.1.0),16B(78)-32 Final Survey Report.txt,PUBLIC_REAL
FORGE16B7832-01,2423.16,2156.9995,496.5558,64.87,102.95,13987236.56,1099490.18,0.471,,,2023-06-26T00:00:00,508.5832,survey_station,Universal Transverse Mercator (US Survey Feet) / NAD83 Utah - HARN / Zone 12N (114 W to 108 W),,ft,ft*0.3048;dls*0.3 (v1.1.0),16B(78)-32 Final Survey Report.txt,PUBLIC_REAL
FORGE16B7832-01,2430.78,2160.2548,499.811,64.58,102.83,13987231.52,1099512.22,0.372,,,2023-06-26T00:00:00,515.4595,survey_station,Universal Transverse Mercator (US Survey Feet) / NAD83 Utah - HARN / Zone 12N (114 W to 108 W),,ft,ft*0.3048;dls*0.3 (v1.1.0),16B(78)-32 Final Survey Report.txt,PUBLIC_REAL
FORGE16B7832-01,2438.4,2163.5649,503.1212,63.91,102.62,13987226.56,1099534.18,0.834,,,2023-06-26T00:00:00,522.3022,survey_station,Universal Transverse Mercator (US Survey Feet) / NAD83 Utah - HARN / Zone 12N (114 W to 108 W),,ft,ft*0.3048;dls*0.3 (v1.1.0),16B(78)-32 Final Survey Report.txt,PUBLIC_REAL
FORGE16B7832-01,2446.02,2166.9268,506.4831,63.76,102.48,13987221.68,1099556.08,0.234,,,2023-06-26T00:00:00,529.1237,survey_station,Universal Transverse Mercator (US Survey Feet) / NAD83 Utah - HARN / Zone 12N (114 W to 108 W),,ft,ft*0.3048;dls*0.3 (v1.1.0),16B(78)-32 Final Survey Report.txt,PUBLIC_REAL
FORGE16B7832-01,2453.64,2170.3162,509.8725,63.38,102.43,13987216.85,1099577.94,0.459,,,2023-06-26T00:00:00,535.9268,survey_station,Universal Transverse Mercator (US Survey Feet) / NAD83 Utah - HARN / Zone 12N (114 W to 108 W),,ft,ft*0.3048;dls*0.3 (v1.1.0),16B(78)-32 Final Survey Report.txt,PUBLIC_REAL
FORGE16B7832-01,2461.26,2173.7665,513.3228,62.78,102.54,13987212.03,1099599.71,0.729,,,2023-06-26T00:00:00,542.7025,survey_station,Universal Transverse Mercator (US Survey Feet) / NAD83 Utah - HARN / Zone 12N (114 W to 108 W),,ft,ft*0.3048;dls*0.3 (v1.1.0),16B(78)-32 Final Survey Report.txt,PUBLIC_REAL
FORGE16B7832-01,2468.88,2177.2778,516.8341,62.36,102.54,13987207.22,1099621.37,0.504,,,2023-06-26T00:00:00,549.4447,survey_station,Universal Transverse Mercator (US Survey Feet) / NAD83 Utah - HARN / Zone 12N (114 W to 108 W),,ft,ft*0.3048;dls*0.3 (v1.1.0),16B(78)-32 Final Survey Report.txt,PUBLIC_REAL
FORGE16B7832-01,2476.5,2180.7099,520.2662,64.09,102.34,13987202.41,1099643.16,2.088,,,2023-06-26T00:00:00,556.2295,survey_station,Universal Transverse Mercator (US Survey Feet) / NAD83 Utah - HARN / Zone 12N (114 W to 108 W),,ft,ft*0.3048;dls*0.3 (v1.1.0),16B(78)-32 Final Survey Report.txt,PUBLIC_REAL
FORGE16B7832-01,2484.12,2184.0078,523.5641,64.6,102.2,13987197.62,1099665.18,0.63,,,2023-06-26T00:00:00,563.0753,survey_station,Universal Transverse Mercator (US Survey Feet) / NAD83 Utah - HARN / Zone 12N (114 W to 108 W),,ft,ft*0.3048;dls*0.3 (v1.1.0),16B(78)-32 Final Survey Report.txt,PUBLIC_REAL
FORGE16B7832-01,2491.74,2187.2021,526.7584,65.84,102.3,13987192.8,1099687.36,1.491,,,2023-06-26T00:00:00,569.9699,survey_station,Universal Transverse Mercator (US Survey Feet) / NAD83 Utah - HARN / Zone 12N (114 W to 108 W),,ft,ft*0.3048;dls*0.3 (v1.1.0),16B(78)-32 Final Survey Report.txt,PUBLIC_REAL
FORGE16B7832-01,2499.36,2190.3568,529.9131,65.28,102.56,13987187.91,1099709.59,0.729,,,2023-06-26T00:00:00,576.8889,survey_station,Universal Transverse Mercator (US Survey Feet) / NAD83 Utah - HARN / Zone 12N (114 W to 108 W),,ft,ft*0.3048;dls*0.3 (v1.1.0),16B(78)-32 Final Survey Report.txt,PUBLIC_REAL
FORGE16B7832-01,2506.98,2193.4962,533.0525,66.06,103.04,13987182.86,1099731.8,1.074,,,2023-06-26T00:00:00,583.8139,survey_station,Universal Transverse Mercator (US Survey Feet) / NAD83 Utah - HARN / Zone 12N (114 W to 108 W),,ft,ft*0.3048;dls*0.3 (v1.1.0),16B(78)-32 Final Survey Report.txt,PUBLIC_REAL
FORGE16B7832-01,2514.6,2196.5869,536.1432,66.08,103.49,13987177.62,1099754.04,0.495,,,2023-06-26T00:00:00,590.7664,survey_station,Universal Transverse Mercator (US Survey Feet) / NAD83 Utah - HARN / Zone 12N (114 W to 108 W),,ft,ft*0.3048;dls*0.3 (v1.1.0),16B(78)-32 Final Survey Report.txt,PUBLIC_REAL
FORGE16B7832-01,2522.22,2199.6989,539.2552,65.69,103.84,13987172.22,1099776.22,0.606,,,2023-06-26T00:00:00,597.7098,survey_station,Universal Transverse Mercator (US Survey Feet) / NAD83 Utah - HARN / Zone 12N (114 W to 108 W),,ft,ft*0.3048;dls*0.3 (v1.1.0),16B(78)-32 Final Survey Report.txt,PUBLIC_REAL
FORGE16B7832-01,2529.84,2202.9268,542.483,64.17,104.3,13987166.72,1099798.18,1.89,,,2023-06-26T00:00:00,604.6043,survey_station,Universal Transverse Mercator (US Survey Feet) / NAD83 Utah - HARN / Zone 12N (114 W to 108 W),,ft,ft*0.3048;dls*0.3 (v1.1.0),16B(78)-32 Final Survey Report.txt,PUBLIC_REAL
FORGE16B7832-01,2537.46,2206.2735,545.8297,63.76,104.85,13987161.07,1099819.92,0.771,,,2023-06-26T00:00:00,611.444,survey_station,Universal Transverse Mercator (US Survey Feet) / NAD83 Utah - HARN / Zone 12N (114 W to 108 W),,ft,ft*0.3048;dls*0.3 (v1.1.0),16B(78)-32 Final Survey Report.txt,PUBLIC_REAL
FORGE16B7832-01,2545.08,2209.675,549.2313,63.18,105.1,13987155.29,1099841.53,0.747,,,2023-06-26T00:00:00,618.2594,survey_station,Universal Transverse Mercator (US Survey Feet) / NAD83 Utah - HARN / Zone 12N (114 W to 108 W),,ft,ft*0.3048;dls*0.3 (v1.1.0),16B(78)-32 Final Survey Report.txt,PUBLIC_REAL
FORGE16B7832-01,2552.7,2213.1528,552.7091,62.53,105.27,13987149.46,1099863,0.801,,,2023-06-26T00:00:00,625.0351,survey_station,Universal Transverse Mercator (US Survey Feet) / NAD83 Utah - HARN / Zone 12N (114 W to 108 W),,ft,ft*0.3048;dls*0.3 (v1.1.0),16B(78)-32 Final Survey Report.txt,PUBLIC_REAL
FORGE16B7832-01,2560.32,2216.7159,556.2722,61.7,105.28,13987143.64,1099884.32,0.996,,,2023-06-26T00:00:00,631.7681,survey_station,Universal Transverse Mercator (US Survey Feet) / NAD83 Utah - HARN / Zone 12N (114 W to 108 W),,ft,ft*0.3048;dls*0.3 (v1.1.0),16B(78)-32 Final Survey Report.txt,PUBLIC_REAL
FORGE16B7832-01,2567.94,2220.4192,559.9755,60.13,105.42,13987137.86,1099905.38,1.89,,,2023-06-26T00:00:00,638.4249,survey_station,Universal Transverse Mercator (US Survey Feet) / NAD83 Utah - HARN / Zone 12N (114 W to 108 W),,ft,ft*0.3048;dls*0.3 (v1.1.0),16B(78)-32 Final Survey Report.txt,PUBLIC_REAL
FORGE16B7832-01,2575.56,2224.217,563.7733,60.12,105.26,13987132.12,1099926.29,0.168,,,2023-06-26T00:00:00,645.03,survey_station,Universal Transverse Mercator (US Survey Feet) / NAD83 Utah - HARN / Zone 12N (114 W to 108 W),,ft,ft*0.3048;dls*0.3 (v1.1.0),16B(78)-32 Final Survey Report.txt,PUBLIC_REAL
FORGE16B7832-01,2583.18,2228.0118,567.5681,60.1,105.09,13987126.45,1099947.21,0.177,,,2023-06-26T00:00:00,651.635,survey_station,Universal Transverse Mercator (US Survey Feet) / NAD83 Utah - HARN / Zone 12N (114 W to 108 W),,ft,ft*0.3048;dls*0.3 (v1.1.0),16B(78)-32 Final Survey Report.txt,PUBLIC_REAL
FORGE16B7832-01,2590.8,2231.8157,571.372,60.03,104.89,13987120.84,1099968.14,0.225,,,2023-06-26T00:00:00,658.2339,survey_station,Universal Transverse Mercator (US Survey Feet) / NAD83 Utah - HARN / Zone 12N (114 W to 108 W),,ft,ft*0.3048;dls*0.3 (v1.1.0),16B(78)-32 Final Survey Report.txt,PUBLIC_REAL
FORGE16B7832-01,2598.42,2235.5952,575.1515,60.48,104.64,13987115.31,1099989.12,0.6,,,2023-06-26T00:00:00,664.845,survey_station,Universal Transverse Mercator (US Survey Feet) / NAD83 Utah - HARN / Zone 12N (114 W to 108 W),,ft,ft*0.3048;dls*0.3 (v1.1.0),16B(78)-32 Final Survey Report.txt,PUBLIC_REAL
FORGE16B7832-01,2606.04,2239.3443,578.9005,60.6,104.54,13987109.83,1100010.19,0.177,,,2023-06-26T00:00:00,671.4744,survey_station,Universal Transverse Mercator (US Survey Feet) / NAD83 Utah - HARN / Zone 12N (114 W to 108 W),,ft,ft*0.3048;dls*0.3 (v1.1.0),16B(78)-32 Final Survey Report.txt,PUBLIC_REAL
FORGE16B7832-01,2613.66,2243.0872,582.6435,60.56,104.6,13987104.35,1100031.27,0.078,,,2023-06-26T00:00:00,678.1068,survey_station,Universal Transverse Mercator (US Survey Feet) / NAD83 Utah - HARN / Zone 12N (114 W to 108 W),,ft,ft*0.3048;dls*0.3 (v1.1.0),16B(78)-32 Final Survey Report.txt,PUBLIC_REAL
FORGE16B7832-01,2621.28,2246.8027,586.359,61.05,104.59,13987098.85,1100052.39,0.588,,,2023-06-26T00:00:00,684.7545,survey_station,Universal Transverse Mercator (US Survey Feet) / NAD83 Utah - HARN / Zone 12N (114 W to 108 W),,ft,ft*0.3048;dls*0.3 (v1.1.0),16B(78)-32 Final Survey Report.txt,PUBLIC_REAL
FORGE16B7832-01,2628.9,2250.4542,590.0105,61.72,104.51,13987093.34,1100073.63,0.807,,,2023-06-26T00:00:00,691.4388,survey_station,Universal Transverse Mercator (US Survey Feet) / NAD83 Utah - HARN / Zone 12N (114 W to 108 W),,ft,ft*0.3048;dls*0.3 (v1.1.0),16B(78)-32 Final Survey Report.txt,PUBLIC_REAL
FORGE16B7832-01,2636.52,2254.0265,593.5828,62.37,104.34,13987087.84,1100095.01,0.801,,,2023-06-26T00:00:00,698.1627,survey_station,Universal Transverse Mercator (US Survey Feet) / NAD83 Utah - HARN / Zone 12N (114 W to 108 W),,ft,ft*0.3048;dls*0.3 (v1.1.0),16B(78)-32 Final Survey Report.txt,PUBLIC_REAL
FORGE16B7832-01,2644.14,2257.5286,597.0849,62.87,104.06,13987082.39,1100116.54,0.669,,,2023-06-26T00:00:00,704.9232,survey_station,Universal Transverse Mercator (US Survey Feet) / NAD83 Utah - HARN / Zone 12N (114 W to 108 W),,ft,ft*0.3048;dls*0.3 (v1.1.0),16B(78)-32 Final Survey Report.txt,PUBLIC_REAL
FORGE16B7832-01,2651.76,2260.9637,600.52,63.56,103.92,13987077,1100138.19,0.84,,,2023-06-26T00:00:00,711.7141,survey_station,Universal Transverse Mercator (US Survey Feet) / NAD83 Utah - HARN / Zone 12N (114 W to 108 W),,ft,ft*0.3048;dls*0.3 (v1.1.0),16B(78)-32 Final Survey Report.txt,PUBLIC_REAL
FORGE16B7832-01,2659.38,2264.3043,603.8606,64.43,103.66,13987071.64,1100160.01,1.08,,,2023-06-26T00:00:00,718.5538,survey_station,Universal Transverse Mercator (US Survey Feet) / NAD83 Utah - HARN / Zone 12N (114 W to 108 W),,ft,ft*0.3048;dls*0.3 (v1.1.0),16B(78)-32 Final Survey Report.txt,PUBLIC_REAL
FORGE16B7832-01,2667,2267.584,607.1403,64.59,103.34,13987066.37,1100181.96,0.396,,,2023-06-26T00:00:00,725.421,survey_station,Universal Transverse Mercator (US Survey Feet) / NAD83 Utah - HARN / Zone 12N (114 W to 108 W),,ft,ft*0.3048;dls*0.3 (v1.1.0),16B(78)-32 Final Survey Report.txt,PUBLIC_REAL
FORGE16B7832-01,2674.62,2270.9398,610.4961,63.15,103.21,13987061.22,1100203.8,1.734,,,2023-06-26T00:00:00,732.2485,survey_station,Universal Transverse Mercator (US Survey Feet) / NAD83 Utah - HARN / Zone 12N (114 W to 108 W),,ft,ft*0.3048;dls*0.3 (v1.1.0),16B(78)-32 Final Survey Report.txt,PUBLIC_REAL
FORGE16B7832-01,2682.24,2274.3505,613.9068,63.67,102.97,13987056.16,1100225.57,0.675,,,2023-06-26T00:00:00,739.0486,survey_station,Universal Transverse Mercator (US Survey Feet) / NAD83 Utah - HARN / Zone 12N (114 W to 108 W),,ft,ft*0.3048;dls*0.3 (v1.1.0),16B(78)-32 Final Survey Report.txt,PUBLIC_REAL
FORGE16B7832-01,2689.86,2277.7308,617.2871,63.64,102.82,13987051.16,1100247.41,0.165,,,2023-06-26T00:00:00,745.8608,survey_station,Universal Transverse Mercator (US Survey Feet) / NAD83 Utah - HARN / Zone 12N (114 W to 108 W),,ft,ft*0.3048;dls*0.3 (v1.1.0),16B(78)-32 Final Survey Report.txt,PUBLIC_REAL
FORGE16B7832-01,2697.48,2281.1262,620.6825,63.45,102.6,13987046.23,1100269.25,0.327,,,2023-06-26T00:00:00,752.664,survey_station,Universal Transverse Mercator (US Survey Feet) / NAD83 Utah - HARN / Zone 12N (114 W to 108 W),,ft,ft*0.3048;dls*0.3 (v1.1.0),16B(78)-32 Final Survey Report.txt,PUBLIC_REAL
FORGE16B7832-01,2705.1,2284.5339,624.0902,63.44,102.54,13987041.37,1100291.07,0.066,,,2023-06-26T00:00:00,759.461,survey_station,Universal Transverse Mercator (US Survey Feet) / NAD83 Utah - HARN / Zone 12N (114 W to 108 W),,ft,ft*0.3048;dls*0.3 (v1.1.0),16B(78)-32 Final Survey Report.txt,PUBLIC_REAL
FORGE16B7832-01,2712.72,2287.9903,627.5466,62.61,102.56,13987036.52,1100312.82,0.996,,,2023-06-26T00:00:00,766.2337,survey_station,Universal Transverse Mercator (US Survey Feet) / NAD83 Utah - HARN / Zone 12N (114 W to 108 W),,ft,ft*0.3048;dls*0.3 (v1.1.0),16B(78)-32 Final Survey Report.txt,PUBLIC_REAL
FORGE16B7832-01,2720.34,2291.5138,631.0701,62.31,102.67,13987031.68,1100334.45,0.378,,,2023-06-26T00:00:00,772.9728,survey_station,Universal Transverse Mercator (US Survey Feet) / NAD83 Utah - HARN / Zone 12N (114 W to 108 W),,ft,ft*0.3048;dls*0.3 (v1.1.0),16B(78)-32 Final Survey Report.txt,PUBLIC_REAL
FORGE16B7832-01,2727.96,2295.08,634.6363,61.88,102.73,13987026.83,1100356.01,0.519,,,2023-06-26T00:00:00,779.6875,survey_station,Universal Transverse Mercator (US Survey Feet) / NAD83 Utah - HARN / Zone 12N (114 W to 108 W),,ft,ft*0.3048;dls*0.3 (v1.1.0),16B(78)-32 Final Survey Report.txt,PUBLIC_REAL
FORGE16B7832-01,2735.58,2298.6736,638.2299,61.85,102.92,13987021.93,1100377.5,0.204,,,2023-06-26T00:00:00,786.3901,survey_station,Universal Transverse Mercator (US Survey Feet) / NAD83 Utah - HARN / Zone 12N (114 W to 108 W),,ft,ft*0.3048;dls*0.3 (v1.1.0),16B(78)-32 Final Survey Report.txt,PUBLIC_REAL
FORGE16B7832-01,2743.2,2302.2641,641.8204,61.88,102.95,13987017,1100398.99,0.048,,,2023-06-26T00:00:00,793.0957,survey_station,Universal Transverse Mercator (US Survey Feet) / NAD83 Utah - HARN / Zone 12N (114 W to 108 W),,ft,ft*0.3048;dls*0.3 (v1.1.0),16B(78)-32 Final Survey Report.txt,PUBLIC_REAL
FORGE16B7832-01,2750.82,2305.8516,645.4079,61.97,102.96,13987012.05,1100420.48,0.108,,,2023-06-26T00:00:00,799.8013,survey_station,Universal Transverse Mercator (US Survey Feet) / NAD83 Utah - HARN / Zone 12N (114 W to 108 W),,ft,ft*0.3048;dls*0.3 (v1.1.0),16B(78)-32 Final Survey Report.txt,PUBLIC_REAL
FORGE16B7832-01,2758.44,2309.4391,648.9954,61.87,102.88,13987007.12,1100441.98,0.147,,,2023-06-26T00:00:00,806.5099,survey_station,Universal Transverse Mercator (US Survey Feet) / NAD83 Utah - HARN / Zone 12N (114 W to 108 W),,ft,ft*0.3048;dls*0.3 (v1.1.0),16B(78)-32 Final Survey Report.txt,PUBLIC_REAL
FORGE16B7832-01,2766.06,2313.0266,652.5829,61.94,102.89,13987002.2,1100463.48,0.084,,,2023-06-26T00:00:00,813.2155,survey_station,Universal Transverse Mercator (US Survey Feet) / NAD83 Utah - HARN / Zone 12N (114 W to 108 W),,ft,ft*0.3048;dls*0.3 (v1.1.0),16B(78)-32 Final Survey Report.txt,PUBLIC_REAL
FORGE16B7832-01,2773.68,2316.6324,656.1887,61.59,102.95,13986997.28,1100484.95,0.426,,,2023-06-26T00:00:00,819.912,survey_station,Universal Transverse Mercator (US Survey Feet) / NAD83 Utah - HARN / Zone 12N (114 W to 108 W),,ft,ft*0.3048;dls*0.3 (v1.1.0),16B(78)-32 Final Survey Report.txt,PUBLIC_REAL
FORGE16B7832-01,2781.3,2320.2687,659.8249,61.4,103.16,13986992.32,1100506.35,0.318,,,2023-06-26T00:00:00,826.5963,survey_station,Universal Transverse Mercator (US Survey Feet) / NAD83 Utah - HARN / Zone 12N (114 W to 108 W),,ft,ft*0.3048;dls*0.3 (v1.1.0),16B(78)-32 Final Survey Report.txt,PUBLIC_REAL
FORGE16B7832-01,2788.92,2323.9385,663.4947,61.01,103.43,13986987.28,1100527.67,0.546,,,2023-06-26T00:00:00,833.2592,survey_station,Universal Transverse Mercator (US Survey Feet) / NAD83 Utah - HARN / Zone 12N (114 W to 108 W),,ft,ft*0.3048;dls*0.3 (v1.1.0),16B(78)-32 Final Survey Report.txt,PUBLIC_REAL
FORGE16B7832-01,2796.54,2327.6509,667.2072,60.67,103.55,13986982.18,1100548.9,0.426,,,2023-06-26T00:00:00,839.9038,survey_station,Universal Transverse Mercator (US Survey Feet) / NAD83 Utah - HARN / Zone 12N (114 W to 108 W),,ft,ft*0.3048;dls*0.3 (v1.1.0),16B(78)-32 Final Survey Report.txt,PUBLIC_REAL
FORGE16B7832-01,2804.16,2331.3786,670.9349,60.77,103.54,13986977.08,1100570.1,0.12,,,2023-06-26T00:00:00,846.5393,survey_station,Universal Transverse Mercator (US Survey Feet) / NAD83 Utah - HARN / Zone 12N (114 W to 108 W),,ft,ft*0.3048;dls*0.3 (v1.1.0),16B(78)-32 Final Survey Report.txt,PUBLIC_REAL
FORGE16B7832-01,2811.78,2335.1002,674.6565,60.74,103.74,13986971.93,1100591.3,0.213,,,2023-06-26T00:00:00,853.1779,survey_station,Universal Transverse Mercator (US Survey Feet) / NAD83 Utah - HARN / Zone 12N (114 W to 108 W),,ft,ft*0.3048;dls*0.3 (v1.1.0),16B(78)-32 Final Survey Report.txt,PUBLIC_REAL
FORGE16B7832-01,2819.4,2338.8584,678.4147,60.16,104.04,13986966.71,1100612.41,0.762,,,2023-06-26T00:00:00,859.7951,survey_station,Universal Transverse Mercator (US Survey Feet) / NAD83 Utah - HARN / Zone 12N (114 W to 108 W),,ft,ft*0.3048;dls*0.3 (v1.1.0),16B(78)-32 Final Survey Report.txt,PUBLIC_REAL
FORGE16B7832-01,2827.02,2342.6532,682.2095,60.11,104.28,13986961.41,1100633.43,0.258,,,2023-06-26T00:00:00,866.397,survey_station,Universal Transverse Mercator (US Survey Feet) / NAD83 Utah - HARN / Zone 12N (114 W to 108 W),,ft,ft*0.3048;dls*0.3 (v1.1.0),16B(78)-32 Final Survey Report.txt,PUBLIC_REAL
FORGE16B7832-01,2834.64,2346.4053,685.9615,60.92,104.21,13986956.05,1100654.53,0.975,,,2023-06-26T00:00:00,873.0234,survey_station,Universal Transverse Mercator (US Survey Feet) / NAD83 Utah - HARN / Zone 12N (114 W to 108 W),,ft,ft*0.3048;dls*0.3 (v1.1.0),16B(78)-32 Final Survey Report.txt,PUBLIC_REAL
FORGE16B7832-01,2842.26,2350.0537,689.61,61.82,104.07,13986950.69,1100675.8,1.089,,,2023-06-26T00:00:00,879.7046,survey_station,Universal Transverse Mercator (US Survey Feet) / NAD83 Utah - HARN / Zone 12N (114 W to 108 W),,ft,ft*0.3048;dls*0.3 (v1.1.0),16B(78)-32 Final Survey Report.txt,PUBLIC_REAL
FORGE16B7832-01,2849.88,2353.6199,693.1762,62.4,103.82,13986945.37,1100697.25,0.744,,,2023-06-26T00:00:00,886.4316,survey_station,Universal Transverse Mercator (US Survey Feet) / NAD83 Utah - HARN / Zone 12N (114 W to 108 W),,ft,ft*0.3048;dls*0.3 (v1.1.0),16B(78)-32 Final Survey Report.txt,PUBLIC_REAL
FORGE16B7832-01,2857.5,2357.1129,696.6692,63.03,103.63,13986940.1,1100718.83,0.783,,,2023-06-26T00:00:00,893.192,survey_station,Universal Transverse Mercator (US Survey Feet) / NAD83 Utah - HARN / Zone 12N (114 W to 108 W),,ft,ft*0.3048;dls*0.3 (v1.1.0),16B(78)-32 Final Survey Report.txt,PUBLIC_REAL
FORGE16B7832-01,2865.12,2360.5388,700.0951,63.55,103.44,13986934.87,1100740.55,0.657,,,2023-06-26T00:00:00,899.9891,survey_station,Universal Transverse Mercator (US Survey Feet) / NAD83 Utah - HARN / Zone 12N (114 W to 108 W),,ft,ft*0.3048;dls*0.3 (v1.1.0),16B(78)-32 Final Survey Report.txt,PUBLIC_REAL
FORGE16B7832-01,2872.74,2363.8947,703.451,64.19,103.16,13986929.71,1100762.39,0.825,,,2023-06-26T00:00:00,906.8166,survey_station,Universal Transverse Mercator (US Survey Feet) / NAD83 Utah - HARN / Zone 12N (114 W to 108 W),,ft,ft*0.3048;dls*0.3 (v1.1.0),16B(78)-32 Final Survey Report.txt,PUBLIC_REAL
FORGE16B7832-01,2880.36,2367.1621,706.7184,65,102.72,13986924.65,1100784.4,1.083,,,2023-06-26T00:00:00,913.6837,survey_station,Universal Transverse Mercator (US Survey Feet) / NAD83 Utah - HARN / Zone 12N (114 W to 108 W),,ft,ft*0.3048;dls*0.3 (v1.1.0),16B(78)-32 Final Survey Report.txt,PUBLIC_REAL
FORGE16B7832-01,2887.98,2370.3504,709.9066,65.55,102.47,13986919.7,1100806.56,0.714,,,2023-06-26T00:00:00,920.5844,survey_station,Universal Transverse Mercator (US Survey Feet) / NAD83 Utah - HARN / Zone 12N (114 W to 108 W),,ft,ft*0.3048;dls*0.3 (v1.1.0),16B(78)-32 Final Survey Report.txt,PUBLIC_REAL
FORGE16B7832-01,2895.6,2373.4685,713.0247,66.15,102.35,13986914.8,1100828.84,0.732,,,2023-06-26T00:00:00,927.5186,survey_station,Universal Transverse Mercator (US Survey Feet) / NAD83 Utah - HARN / Zone 12N (114 W to 108 W),,ft,ft*0.3048;dls*0.3 (v1.1.0),16B(78)-32 Final Survey Report.txt,PUBLIC_REAL
FORGE16B7832-01,2903.22,2376.5165,716.0727,66.7,102.36,13986909.89,1100851.22,0.66,,,2023-06-26T00:00:00,934.4802,survey_station,Universal Transverse Mercator (US Survey Feet) / NAD83 Utah - HARN / Zone 12N (114 W to 108 W),,ft,ft*0.3048;dls*0.3 (v1.1.0),16B(78)-32 Final Survey Report.txt,PUBLIC_REAL
FORGE16B7832-01,2910.84,2379.5065,719.0628,67.05,103.05,13986904.84,1100873.65,0.87,,,2023-06-26T00:00:00,941.4693,survey_station,Universal Transverse Mercator (US Survey Feet) / NAD83 Utah - HARN / Zone 12N (114 W to 108 W),,ft,ft*0.3048;dls*0.3 (v1.1.0),16B(78)-32 Final Survey Report.txt,PUBLIC_REAL
FORGE16B7832-01,2918.46,2382.4783,722.0346,67.06,103.89,13986899.48,1100896.04,0.927,,,2023-06-26T00:00:00,948.4736,survey_station,Universal Transverse Mercator (US Survey Feet) / NAD83 Utah - HARN / Zone 12N (114 W to 108 W),,ft,ft*0.3048;dls*0.3 (v1.1.0),16B(78)-32 Final Survey Report.txt,PUBLIC_REAL
FORGE16B7832-01,2926.08,2385.4562,725.0125,66.91,104.58,13986893.82,1100918.34,0.783,,,2023-06-26T00:00:00,955.4809,survey_station,Universal Transverse Mercator (US Survey Feet) / NAD83 Utah - HARN / Zone 12N (114 W to 108 W),,ft,ft*0.3048;dls*0.3 (v1.1.0),16B(78)-32 Final Survey Report.txt,PUBLIC_REAL
FORGE16B7832-01,2933.7,2388.428,727.9843,67.18,104.66,13986888.01,1100940.61,0.336,,,2023-06-26T00:00:00,962.4913,survey_station,Universal Transverse Mercator (US Survey Feet) / NAD83 Utah - HARN / Zone 12N (114 W to 108 W),,ft,ft*0.3048;dls*0.3 (v1.1.0),16B(78)-32 Final Survey Report.txt,PUBLIC_REAL
FORGE16B7832-01,2941.32,2391.4364,730.9927,66.34,104.5,13986882.22,1100962.85,1.023,,,2023-06-26T00:00:00,969.4865,survey_station,Universal Transverse Mercator (US Survey Feet) / NAD83 Utah - HARN / Zone 12N (114 W to 108 W),,ft,ft*0.3048;dls*0.3 (v1.1.0),16B(78)-32 Final Survey Report.txt,PUBLIC_REAL
FORGE16B7832-01,2948.94,2394.6094,734.1657,64.43,104.51,13986876.53,1100984.85,2.292,,,2023-06-26T00:00:00,976.4085,survey_station,Universal Transverse Mercator (US Survey Feet) / NAD83 Utah - HARN / Zone 12N (114 W to 108 W),,ft,ft*0.3048;dls*0.3 (v1.1.0),16B(78)-32 Final Survey Report.txt,PUBLIC_REAL
FORGE16B7832-01,2956.56,2397.9043,737.4606,64.34,104.42,13986870.9,1101006.68,0.144,,,2023-06-26T00:00:00,983.2757,survey_station,Universal Transverse Mercator (US Survey Feet) / NAD83 Utah - HARN / Zone 12N (114 W to 108 W),,ft,ft*0.3048;dls*0.3 (v1.1.0),16B(78)-32 Final Survey Report.txt,PUBLIC_REAL
FORGE16B7832-01,2964.18,2401.2022,740.7585,64.36,104.41,13986865.29,1101028.5,0.027,,,2023-06-26T00:00:00,990.1367,survey_station,Universal Transverse Mercator (US Survey Feet) / NAD83 Utah - HARN / Zone 12N (114 W to 108 W),,ft,ft*0.3048;dls*0.3 (v1.1.0),16B(78)-32 Final Survey Report.txt,PUBLIC_REAL
FORGE16B7832-01,2971.8,2404.488,744.0442,64.57,104.24,13986859.71,1101050.36,0.312,,,2023-06-26T00:00:00,997.0069,survey_station,Universal Transverse Mercator (US Survey Feet) / NAD83 Utah - HARN / Zone 12N (114 W to 108 W),,ft,ft*0.3048;dls*0.3 (v1.1.0),16B(78)-32 Final Survey Report.txt,PUBLIC_REAL
FORGE16B7832-01,2979.42,2407.6975,747.2538,65.6,103.44,13986854.29,1101072.38,1.512,,,2023-06-26T00:00:00,1003.9076,survey_station,Universal Transverse Mercator (US Survey Feet) / NAD83 Utah - HARN / Zone 12N (114 W to 108 W),,ft,ft*0.3048;dls*0.3 (v1.1.0),16B(78)-32 Final Survey Report.txt,PUBLIC_REAL
FORGE16B7832-01,2987.04,2410.8065,750.3627,66.22,102.9,13986849.09,1101094.6,0.951,,,2023-06-26T00:00:00,1010.8479,survey_station,Universal Transverse Mercator (US Survey Feet) / NAD83 Utah - HARN / Zone 12N (114 W to 108 W),,ft,ft*0.3048;dls*0.3 (v1.1.0),16B(78)-32 Final Survey Report.txt,PUBLIC_REAL
FORGE16B7832-01,2994.66,2413.8606,753.4168,66.54,102.64,13986844.02,1101116.94,0.48,,,2023-06-26T00:00:00,1017.8125,survey_station,Universal Transverse Mercator (US Survey Feet) / NAD83 Utah - HARN / Zone 12N (114 W to 108 W),,ft,ft*0.3048;dls*0.3 (v1.1.0),16B(78)-32 Final Survey Report.txt,PUBLIC_REAL
FORGE16B7832-01,3002.28,2416.9116,756.4679,66.27,102.53,13986839.03,1101139.3,0.345,,,2023-06-26T00:00:00,1024.7772,survey_station,Universal Transverse Mercator (US Survey Feet) / NAD83 Utah - HARN / Zone 12N (114 W to 108 W),,ft,ft*0.3048;dls*0.3 (v1.1.0),16B(78)-32 Final Survey Report.txt,PUBLIC_REAL
FORGE16B7832-01,3009.9,2419.9687,759.525,66.4,102.35,13986834.1,1101161.66,0.252,,,2023-06-26T00:00:00,1031.7358,survey_station,Universal Transverse Mercator (US Survey Feet) / NAD83 Utah - HARN / Zone 12N (114 W to 108 W),,ft,ft*0.3048;dls*0.3 (v1.1.0),16B(78)-32 Final Survey Report.txt,PUBLIC_REAL
FORGE16B7832-01,3017.52,2423.0076,762.5639,66.63,102.61,13986829.14,1101184.04,0.399,,,2023-06-26T00:00:00,1038.7035,survey_station,Universal Transverse Mercator (US Survey Feet) / NAD83 Utah - HARN / Zone 12N (114 W to 108 W),,ft,ft*0.3048;dls*0.3 (v1.1.0),16B(78)-32 Final Survey Report.txt,PUBLIC_REAL
FORGE16B7832-01,3025.14,2425.9977,765.554,67.16,102.62,13986824.12,1101206.48,0.636,,,2023-06-26T00:00:00,1045.6926,survey_station,Universal Transverse Mercator (US Survey Feet) / NAD83 Utah - HARN / Zone 12N (114 W to 108 W),,ft,ft*0.3048;dls*0.3 (v1.1.0),16B(78)-32 Final Survey Report.txt,PUBLIC_REAL
FORGE16B7832-01,3032.76,2428.9634,768.5197,67.03,102.45,13986819.12,1101228.96,0.243,,,2023-06-26T00:00:00,1052.6939,survey_station,Universal Transverse Mercator (US Survey Feet) / NAD83 Utah - HARN / Zone 12N (114 W to 108 W),,ft,ft*0.3048;dls*0.3 (v1.1.0),16B(78)-32 Final Survey Report.txt,PUBLIC_REAL
FORGE16B7832-01,3040.38,2431.92,771.4762,67.29,102.55,13986814.14,1101251.46,0.33,,,2023-06-26T00:00:00,1059.6951,survey_station,Universal Transverse Mercator (US Survey Feet) / NAD83 Utah - HARN / Zone 12N (114 W to 108 W),,ft,ft*0.3048;dls*0.3 (v1.1.0),16B(78)-32 Final Survey Report.txt,PUBLIC_REAL
FORGE16B7832-01,3048,2434.8704,774.4267,67.15,102.71,13986809.1,1101273.95,0.243,,,2023-06-26T00:00:00,1066.7025,survey_station,Universal Transverse Mercator (US Survey Feet) / NAD83 Utah - HARN / Zone 12N (114 W to 108 W),,ft,ft*0.3048;dls*0.3 (v1.1.0),16B(78)-32 Final Survey Report.txt,PUBLIC_REAL
FORGE16B7832-01,3055.62,2437.8544,777.4107,66.74,102.64,13986804.05,1101296.39,0.498,,,2023-06-26T00:00:00,1073.6946,survey_station,Universal Transverse Mercator (US Survey Feet) / NAD83 Utah - HARN / Zone 12N (114 W to 108 W),,ft,ft*0.3048;dls*0.3 (v1.1.0),16B(78)-32 Final Survey Report.txt,PUBLIC_REAL
FORGE16B7832-01,3063.24,2440.8933,780.4495,66.27,102.67,13986799.03,1101318.76,0.564,,,2023-06-26T00:00:00,1080.6623,survey_station,Universal Transverse Mercator (US Survey Feet) / NAD83 Utah - HARN / Zone 12N (114 W to 108 W),,ft,ft*0.3048;dls*0.3 (v1.1.0),16B(78)-32 Final Survey Report.txt,PUBLIC_REAL
FORGE16B7832-01,3070.86,2443.9565,783.5128,66.32,102.31,13986794.08,1101341.11,0.399,,,2023-06-26T00:00:00,1087.6209,survey_station,Universal Transverse Mercator (US Survey Feet) / NAD83 Utah - HARN / Zone 12N (114 W to 108 W),,ft,ft*0.3048;dls*0.3 (v1.1.0),16B(78)-32 Final Survey Report.txt,PUBLIC_REAL
FORGE16B7832-01,3078.48,2447.0228,786.5791,66.19,101.72,13986789.31,1101363.49,0.666,,,2023-06-26T00:00:00,1094.5703,survey_station,Universal Transverse Mercator (US Survey Feet) / NAD83 Utah - HARN / Zone 12N (114 W to 108 W),,ft,ft*0.3048;dls*0.3 (v1.1.0),16B(78)-32 Final Survey Report.txt,PUBLIC_REAL
FORGE16B7832-01,3086.1,2450.0556,789.6118,66.92,101.69,13986784.66,1101385.95,0.876,,,2023-06-26T00:00:00,1101.532,survey_station,Universal Transverse Mercator (US Survey Feet) / NAD83 Utah - HARN / Zone 12N (114 W to 108 W),,ft,ft*0.3048;dls*0.3 (v1.1.0),16B(78)-32 Final Survey Report.txt,PUBLIC_REAL
FORGE16B7832-01,3093.72,2453.0395,792.5958,66.97,101.68,13986780,1101408.48,0.06,,,2023-06-26T00:00:00,1108.5149,survey_station,Universal Transverse Mercator (US Survey Feet) / NAD83 Utah - HARN / Zone 12N (114 W to 108 W),,ft,ft*0.3048;dls*0.3 (v1.1.0),16B(78)-32 Final Survey Report.txt,PUBLIC_REAL
FORGE16B7832-01,3101.34,2456.054,795.6103,66.45,101.2,13986775.45,1101430.98,0.819,,,2023-06-26T00:00:00,1115.4857,survey_station,Universal Transverse Mercator (US Survey Feet) / NAD83 Utah - HARN / Zone 12N (114 W to 108 W),,ft,ft*0.3048;dls*0.3 (v1.1.0),16B(78)-32 Final Survey Report.txt,PUBLIC_REAL
FORGE16B7832-01,3108.96,2459.1234,798.6796,66,101.05,13986771.03,1101453.43,0.564,,,2023-06-26T00:00:00,1122.423,survey_station,Universal Transverse Mercator (US Survey Feet) / NAD83 Utah - HARN / Zone 12N (114 W to 108 W),,ft,ft*0.3048;dls*0.3 (v1.1.0),16B(78)-32 Final Survey Report.txt,PUBLIC_REAL
FORGE16B7832-01,3116.58,2462.2567,801.813,65.46,100.56,13986766.76,1101475.82,0.84,,,2023-06-26T00:00:00,1129.3297,survey_station,Universal Transverse Mercator (US Survey Feet) / NAD83 Utah - HARN / Zone 12N (114 W to 108 W),,ft,ft*0.3048;dls*0.3 (v1.1.0),16B(78)-32 Final Survey Report.txt,PUBLIC_REAL
FORGE16B7832-01,3124.2,2465.4632,805.0195,64.76,100.36,13986762.64,1101498.12,0.867,,,2023-06-26T00:00:00,1136.1999,survey_station,Universal Transverse Mercator (US Survey Feet) / NAD83 Utah - HARN / Zone 12N (114 W to 108 W),,ft,ft*0.3048;dls*0.3 (v1.1.0),16B(78)-32 Final Survey Report.txt,PUBLIC_REAL
FORGE16B7832-01,3131.82,2468.7276,808.2839,64.5,99.98,13986758.65,1101520.35,0.516,,,2023-06-26T00:00:00,1143.0396,survey_station,Universal Transverse Mercator (US Survey Feet) / NAD83 Utah - HARN / Zone 12N (114 W to 108 W),,ft,ft*0.3048;dls*0.3 (v1.1.0),16B(78)-32 Final Survey Report.txt,PUBLIC_REAL
FORGE16B7832-01,3139.44,2472.0316,811.5879,64.14,100.05,13986754.74,1101542.54,0.438,,,2023-06-26T00:00:00,1149.858,survey_station,Universal Transverse Mercator (US Survey Feet) / NAD83 Utah - HARN / Zone 12N (114 W to 108 W),,ft,ft*0.3048;dls*0.3 (v1.1.0),16B(78)-32 Final Survey Report.txt,PUBLIC_REAL
FORGE16B7832-01,3147.06,2475.3875,814.9438,63.6,100.1,13986750.81,1101564.64,0.651,,,2023-06-26T00:00:00,1156.6489,survey_station,Universal Transverse Mercator (US Survey Feet) / NAD83 Utah - HARN / Zone 12N (114 W to 108 W),,ft,ft*0.3048;dls*0.3 (v1.1.0),16B(78)-32 Final Survey Report.txt,PUBLIC_REAL
FORGE16B7832-01,3154.68,2478.7281,818.2844,64.38,100.13,13986746.86,1101586.76,0.936,,,2023-06-26T00:00:00,1163.4521,survey_station,Universal Transverse Mercator (US Survey Feet) / NAD83 Utah - HARN / Zone 12N (114 W to 108 W),,ft,ft*0.3048;dls*0.3 (v1.1.0),16B(78)-32 Final Survey Report.txt,PUBLIC_REAL
FORGE16B7832-01,3162.3,2482.0199,821.5762,64.42,99.9,13986742.94,1101608.96,0.252,,,2023-06-26T00:00:00,1170.2735,survey_station,Universal Transverse Mercator (US Survey Feet) / NAD83 Utah - HARN / Zone 12N (114 W to 108 W),,ft,ft*0.3048;dls*0.3 (v1.1.0),16B(78)-32 Final Survey Report.txt,PUBLIC_REAL
FORGE16B7832-01,3169.92,2485.2843,824.8406,64.85,99.61,13986739.11,1101631.22,0.603,,,2023-06-26T00:00:00,1177.1071,survey_station,Universal Transverse Mercator (US Survey Feet) / NAD83 Utah - HARN / Zone 12N (114 W to 108 W),,ft,ft*0.3048;dls*0.3 (v1.1.0),16B(78)-32 Final Survey Report.txt,PUBLIC_REAL
FORGE16B7832-01,3175.1016,2487.5063,827.0626,64.36,102.52,13986736.17,1101646.29,4.719,,,2023-06-26T00:00:00,1181.7645,survey_station,Universal Transverse Mercator (US Survey Feet) / NAD83 Utah - HARN / Zone 12N (114 W to 108 W),,ft,ft*0.3048;dls*0.3 (v1.1.0),16B(78)-32 Final Survey Report.txt,PUBLIC_REAL
FORGE16B7832-01,3204.0576,2500.2409,839.7972,63.47,102.65,13986717.58,1101729.57,0.282,,,2023-06-26T00:00:00,1207.6968,survey_station,Universal Transverse Mercator (US Survey Feet) / NAD83 Utah - HARN / Zone 12N (114 W to 108 W),,ft,ft*0.3048;dls*0.3 (v1.1.0),16B(78)-32 Final Survey Report.txt,PUBLIC_REAL
FORGE16B7832-01,3233.0136,2513.268,852.8243,63.06,105.22,13986697.15,1101811.91,0.735,,,2023-06-26T00:00:00,1233.5226,survey_station,Universal Transverse Mercator (US Survey Feet) / NAD83 Utah - HARN / Zone 12N (114 W to 108 W),,ft,ft*0.3048;dls*0.3 (v1.1.0),16B(78)-32 Final Survey Report.txt,PUBLIC_REAL
FORGE16B7832-01,3236.0921,2514.6579,854.2142,63.23,105.04,13986694.8,1101820.6,0.702,,,2023-06-26T00:00:00,1236.2658,survey_station,Universal Transverse Mercator (US Survey Feet) / NAD83 Utah - HARN / Zone 12N (114 W to 108 W),,ft,ft*0.3048;dls*0.3 (v1.1.0),16B(78)-32 Final Survey Report.txt,PUBLIC_REAL
FORGE16B7832-01,3242.752,2517.6389,857.1951,63.61,104.66,13986689.79,1101839.49,0.702,,,2023-06-26T00:00:00,1242.2185,survey_station,Universal Transverse Mercator (US Survey Feet) / NAD83 Utah - HARN / Zone 12N (114 W to 108 W),,ft,ft*0.3048;dls*0.3 (v1.1.0),16B(78)-32 Final Survey Report.txt,PUBLIC_REAL
FORGE16B7832-01,3262.2744,2526.1458,865.7021,64.72,103.54,13986675.75,1101895.4,0.702,,,2023-06-26T00:00:00,1259.7689,survey_station,Universal Transverse Mercator (US Survey Feet) / NAD83 Utah - HARN / Zone 12N (114 W to 108 W),,ft,ft*0.3048;dls*0.3 (v1.1.0),16B(78)-32 Final Survey Report.txt,PUBLIC_REAL
FORGE16B7832-01,3291.2304,2538.4384,877.9947,65.03,103.34,13986655.76,1101979.06,0.114,,,2023-06-26T00:00:00,1285.939,survey_station,Universal Transverse Mercator (US Survey Feet) / NAD83 Utah - HARN / Zone 12N (114 W to 108 W),,ft,ft*0.3048;dls*0.3 (v1.1.0),16B(78)-32 Final Survey Report.txt,PUBLIC_REAL
FORGE16B7832-01,3310.7376,2546.6954,886.2517,64.9,102.17,13986642.96,1102035.61,0.501,,,2023-06-26T00:00:00,1303.5686,survey_station,Universal Transverse Mercator (US Survey Feet) / NAD83 Utah - HARN / Zone 12N (114 W to 108 W),,ft,ft*0.3048;dls*0.3 (v1.1.0),16B(78)-32 Final Survey Report.txt,PUBLIC_REAL
FORGE16B7832-01,3336.6456,2557.6865,897.2428,64.9,102.17,13986626.73,1102110.86,0,,,2023-06-26T00:00:00,1326.9529,survey_station,Universal Transverse Mercator (US Survey Feet) / NAD83 Utah - HARN / Zone 12N (114 W to 108 W),,ft,ft*0.3048;dls*0.3 (v1.1.0),16B(78)-32 Final Survey Report.txt,PUBLIC_REAL
